,"5-10","10-20","knife","img","match","set"
"1",0.968761914420342,0.87305074249399,"S11:S11",1,"match","S-10-9-10-01"
"2",0.941020453374598,0.874101341532187,"S11:S11",2,"match","S-10-9-10-01"
"3",0.920124920593178,0.841108060665214,"S11:S11",3,"match","S-10-9-10-01"
"4",0.951743096880554,0.836174568903844,"S11:S11",4,"match","S-10-9-10-01"
"5",0.942178552984339,0.867837972614339,"S11:S11",5,"match","S-10-9-10-01"
"6",0.862114087873171,0.759231479071876,"S11:S11",6,"match","S-10-9-10-01"
"7",0.804782249556136,0.732258559007066,"S11:S11",7,"match","S-10-9-10-01"
"8",0.831659024352334,0.747609815724987,"S11:S11",8,"match","S-10-9-10-01"
"9",0.914411240196682,0.756413880386102,"S11:S11",9,"match","S-10-9-10-01"
"10",0.890132282346037,0.719486979528663,"S12:S12",1,"match","S-10-9-10-01"
"11",0.83207419627253,0.696887581984912,"S12:S12",2,"match","S-10-9-10-01"
"12",0.90351319871486,0.686080700854001,"S12:S12",3,"match","S-10-9-10-01"
"13",0.692895292394791,0.585090124932089,"S12:S12",4,"match","S-10-9-10-01"
"14",0.82270029071092,0.579581381425029,"S12:S12",5,"match","S-10-9-10-01"
"15",0.827791111685029,0.521032712856668,"S12:S12",6,"match","S-10-9-10-01"
"16",0.888572852698781,0.612665337849748,"S12:S12",7,"match","S-10-9-10-01"
"17",0.945194080645519,0.743778909091644,"S12:S12",8,"match","S-10-9-10-01"
"18",0.926484692612032,0.834633880868632,"S12:S12",9,"match","S-10-9-10-01"
"19",0.935993474493825,0.879670065063209,"S13:S13",1,"match","S-10-9-10-01"
"20",0.912046982645001,0.806879369514072,"S13:S13",2,"match","S-10-9-10-01"
"21",0.945226074388759,0.843338312561001,"S13:S13",3,"match","S-10-9-10-01"
"22",0.915370311966473,0.809509142804547,"S13:S13",4,"match","S-10-9-10-01"
"23",0.937604206660667,0.811462978648345,"S13:S13",5,"match","S-10-9-10-01"
"24",0.955583037653505,0.81252307563412,"S13:S13",6,"match","S-10-9-10-01"
"25",0.972717508989143,0.853507821774606,"S13:S13",7,"match","S-10-9-10-01"
"26",0.972161646623567,0.860493242232329,"S13:S13",8,"match","S-10-9-10-01"
"27",0.958944388380075,0.855634034037635,"S13:S13",9,"match","S-10-9-10-01"
"28",0.9676113622992,0.962443772655026,"S14:S14",1,"match","S-10-9-10-01"
"29",0.986108905332821,0.942652850747061,"S14:S14",2,"match","S-10-9-10-01"
"30",0.976502066287701,0.898317306465609,"S14:S14",3,"match","S-10-9-10-01"
"31",0.982816955711782,0.908403082335743,"S14:S14",4,"match","S-10-9-10-01"
"32",0.987308291773554,0.906554407196491,"S14:S14",5,"match","S-10-9-10-01"
"33",0.969799977233179,0.863423963284752,"S14:S14",6,"match","S-10-9-10-01"
"34",0.940991850353122,0.881970784209811,"S14:S14",7,"match","S-10-9-10-01"
"35",0.957764725745381,0.848357824651261,"S14:S14",8,"match","S-10-9-10-01"
"36",0.93035303906714,0.879675493478737,"S14:S14",9,"match","S-10-9-10-01"
"37",0.973229950886704,0.838823832793041,"S15:S15",1,"match","S-10-9-10-01"
"38",0.978100010579263,0.930524698678324,"S15:S15",2,"match","S-10-9-10-01"
"39",0.988979784171707,0.94565250122894,"S15:S15",3,"match","S-10-9-10-01"
"40",0.978309247640939,0.920870159672148,"S15:S15",4,"match","S-10-9-10-01"
"41",0.978149597951638,0.941433282886827,"S15:S15",5,"match","S-10-9-10-01"
"42",0.96571781266079,0.945434398644362,"S15:S15",6,"match","S-10-9-10-01"
"43",0.959253407242413,0.927295237293704,"S15:S15",7,"match","S-10-9-10-01"
"44",0.948978867161325,0.919600796244339,"S15:S15",8,"match","S-10-9-10-01"
"45",0.946883578980245,0.856436908500243,"S15:S15",9,"match","S-10-9-10-01"
"46",0.955113016648253,0.866053159882342,"S16:S16",1,"match","S-10-9-10-01"
"47",0.96544285828978,0.925352178044482,"S16:S16",2,"match","S-10-9-10-01"
"48",0.955291701359742,0.936046373022465,"S16:S16",3,"match","S-10-9-10-01"
"49",0.986402167842354,0.95522635998022,"S16:S16",4,"match","S-10-9-10-01"
"50",0.979591725432577,0.945954802552731,"S16:S16",5,"match","S-10-9-10-01"
"51",0.953191476530949,0.895760155229098,"S16:S16",6,"match","S-10-9-10-01"
"52",0.940326418242645,0.851743443654915,"S16:S16",7,"match","S-10-9-10-01"
"53",0.951667898417511,0.882521614159138,"S16:S16",8,"match","S-10-9-10-01"
"54",0.936171076364859,0.926454010786936,"S16:S16",9,"match","S-10-9-10-01"
"55",0.990166497787766,0.964498913869026,"S17:S17",1,"match","S-10-9-10-01"
"56",0.961795985600799,0.955026354675622,"S17:S17",2,"match","S-10-9-10-01"
"57",0.975398937675297,0.951298662314541,"S17:S17",3,"match","S-10-9-10-01"
"58",0.974862734202353,0.956110596333022,"S17:S17",4,"match","S-10-9-10-01"
"59",0.976763674649774,0.935427308190646,"S17:S17",5,"match","S-10-9-10-01"
"60",0.983713227283694,0.947098798541876,"S17:S17",6,"match","S-10-9-10-01"
"61",0.982803442889762,0.936514459003649,"S17:S17",7,"match","S-10-9-10-01"
"62",0.988565711752194,0.959027415725863,"S17:S17",8,"match","S-10-9-10-01"
"63",0.993625059278712,0.941718665216887,"S17:S17",9,"match","S-10-9-10-01"
"64",0.929000556394351,0.775930979980396,"S18:S18",1,"match","S-10-9-10-01"
"65",0.946415131204674,0.829742179612187,"S18:S18",2,"match","S-10-9-10-01"
"66",0.938579840302463,0.845031492194853,"S18:S18",3,"match","S-10-9-10-01"
"67",0.809857554121994,0.746422445310094,"S18:S18",4,"match","S-10-9-10-01"
"68",0.8167500830093,0.731045212135639,"S18:S18",5,"match","S-10-9-10-01"
"69",0.879665409772217,0.741973736829085,"S18:S18",6,"match","S-10-9-10-01"
"70",0.961798505491696,0.916495828478142,"S18:S18",7,"match","S-10-9-10-01"
"71",0.952504481844235,0.917724091381773,"S18:S18",8,"match","S-10-9-10-01"
"72",0.962265847264215,0.912392846671095,"S18:S18",9,"match","S-10-9-10-01"
"73",0.960850765334002,0.85847006618711,"S19:S19",1,"match","S-10-9-10-01"
"74",0.948271537021001,0.890391070858413,"S19:S19",2,"match","S-10-9-10-01"
"75",0.951897672357569,0.876850685993675,"S19:S19",3,"match","S-10-9-10-01"
"76",0.951343233781102,0.866351514103714,"S19:S19",4,"match","S-10-9-10-01"
"77",0.971275075080406,0.900291552167379,"S19:S19",5,"match","S-10-9-10-01"
"78",0.972649985104548,0.849151370230579,"S19:S19",6,"match","S-10-9-10-01"
"79",0.976957231897309,0.909930240623675,"S19:S19",7,"match","S-10-9-10-01"
"80",0.975857433952548,0.909282751890684,"S19:S19",8,"match","S-10-9-10-01"
"81",0.980590926355063,0.901892445002123,"S19:S19",9,"match","S-10-9-10-01"
"82",0.809380967266435,0.812868037233699,"S20:S20",1,"match","S-10-9-10-01"
"83",0.914908910041213,0.818658226048462,"S20:S20",2,"match","S-10-9-10-01"
"84",0.925533351610784,0.810802341664793,"S20:S20",3,"match","S-10-9-10-01"
"85",0.938440870708389,0.83587577819667,"S20:S20",4,"match","S-10-9-10-01"
"86",0.947182073700559,0.877269184961476,"S20:S20",5,"match","S-10-9-10-01"
"87",0.925750921248025,0.89297067867038,"S20:S20",6,"match","S-10-9-10-01"
"88",0.964493866241851,0.933099299996673,"S20:S20",7,"match","S-10-9-10-01"
"89",0.965142750532558,0.948521732654924,"S20:S20",8,"match","S-10-9-10-01"
"90",0.981350394318161,0.961661851805654,"S20:S20",9,"match","S-10-9-10-01"
"91",0.452304012271956,0.457625757142432,"S11:S12",1,"nonmatch","S-10-9-10-01"
"92",0.014533960466466,0.27381167002414,"S11:S12",2,"nonmatch","S-10-9-10-01"
"93",0.003358380090927,0.419981499735255,"S11:S12",3,"nonmatch","S-10-9-10-01"
"94",0.24072297832261,0.473377548215346,"S11:S12",4,"nonmatch","S-10-9-10-01"
"95",0.061627800329495,0.284750607773838,"S11:S12",5,"nonmatch","S-10-9-10-01"
"96",0.385969849860205,0.286077944200997,"S11:S12",6,"nonmatch","S-10-9-10-01"
"97",0.441590846071615,0.186430232554347,"S11:S12",7,"nonmatch","S-10-9-10-01"
"98",0.347223058674019,0.188012658567061,"S11:S12",8,"nonmatch","S-10-9-10-01"
"99",0.452888602627406,0.301853287695323,"S11:S12",9,"nonmatch","S-10-9-10-01"
"100",0.433688402001877,0.260496176227107,"S11:S13",1,"nonmatch","S-10-9-10-01"
"101",0.113359433243825,0.267658895643536,"S11:S13",2,"nonmatch","S-10-9-10-01"
"102",0.037655587577517,0.395974234344595,"S11:S13",3,"nonmatch","S-10-9-10-01"
"103",0.391421201706649,0.360902814728596,"S11:S13",4,"nonmatch","S-10-9-10-01"
"104",0.319249929456871,0.415862464600823,"S11:S13",5,"nonmatch","S-10-9-10-01"
"105",0.419556438723363,0.397379317257228,"S11:S13",6,"nonmatch","S-10-9-10-01"
"106",0.378034402075507,0.240187360140542,"S11:S13",7,"nonmatch","S-10-9-10-01"
"107",0.196700395864756,0.233126961964882,"S11:S13",8,"nonmatch","S-10-9-10-01"
"108",0.343284528551677,0.349443117344078,"S11:S13",9,"nonmatch","S-10-9-10-01"
"109",0.288222908393104,0.148266077955353,"S11:S14",1,"nonmatch","S-10-9-10-01"
"110",0.100846120132919,0.196660182963906,"S11:S14",2,"nonmatch","S-10-9-10-01"
"111",-0.036440967177103,0.228475512276932,"S11:S14",3,"nonmatch","S-10-9-10-01"
"112",0.095739147119396,0.337198868977962,"S11:S14",4,"nonmatch","S-10-9-10-01"
"113",0.428679445618244,0.367350404471732,"S11:S14",5,"nonmatch","S-10-9-10-01"
"114",0.492082861471371,0.232754142145028,"S11:S14",6,"nonmatch","S-10-9-10-01"
"115",0.423388174050341,0.391840672711526,"S11:S14",7,"nonmatch","S-10-9-10-01"
"116",0.468372202067229,0.470315486419443,"S11:S14",8,"nonmatch","S-10-9-10-01"
"117",0.3923967155095,0.356058805841591,"S11:S14",9,"nonmatch","S-10-9-10-01"
"118",0.132502827308157,0.124288338168889,"S11:S15",1,"nonmatch","S-10-9-10-01"
"119",0.222110036672774,0.226241542358534,"S11:S15",2,"nonmatch","S-10-9-10-01"
"120",0.007299904766935,0.327848520897655,"S11:S15",3,"nonmatch","S-10-9-10-01"
"121",-0.029922894058138,0.215181796155269,"S11:S15",4,"nonmatch","S-10-9-10-01"
"122",-0.01462911108877,0.280482567707626,"S11:S15",5,"nonmatch","S-10-9-10-01"
"123",0.146279322161314,0.266287661275488,"S11:S15",6,"nonmatch","S-10-9-10-01"
"124",0.313590554762603,0.273412692494304,"S11:S15",7,"nonmatch","S-10-9-10-01"
"125",0.54960620611266,0.246894713319341,"S11:S15",8,"nonmatch","S-10-9-10-01"
"126",0.329908397931658,0.200037402887836,"S11:S15",9,"nonmatch","S-10-9-10-01"
"127",0.436358707895326,0.227358752402221,"S11:S16",1,"nonmatch","S-10-9-10-01"
"128",-0.068136872254663,0.296890193953339,"S11:S16",2,"nonmatch","S-10-9-10-01"
"129",0.193536103875017,0.298513224135757,"S11:S16",3,"nonmatch","S-10-9-10-01"
"130",0.250606531849755,0.202310673934219,"S11:S16",4,"nonmatch","S-10-9-10-01"
"131",0.185721819313848,0.185378214459574,"S11:S16",5,"nonmatch","S-10-9-10-01"
"132",0.222216182193276,0.210679810403824,"S11:S16",6,"nonmatch","S-10-9-10-01"
"133",0.301883816909456,0.152777646293547,"S11:S16",7,"nonmatch","S-10-9-10-01"
"134",0.452782892305487,0.324231963759505,"S11:S16",8,"nonmatch","S-10-9-10-01"
"135",0.5019175971972,0.394179390048624,"S11:S16",9,"nonmatch","S-10-9-10-01"
"136",0.452508264732287,0.421840692120516,"S11:S17",1,"nonmatch","S-10-9-10-01"
"137",-0.064108792776667,0.296947537427618,"S11:S17",2,"nonmatch","S-10-9-10-01"
"138",0.064614968172086,0.422574701904606,"S11:S17",3,"nonmatch","S-10-9-10-01"
"139",0.563267750477851,0.550177667412189,"S11:S17",4,"nonmatch","S-10-9-10-01"
"140",-0.023083335422353,0.454822465866637,"S11:S17",5,"nonmatch","S-10-9-10-01"
"141",0.257513508053108,0.244314787590623,"S11:S17",6,"nonmatch","S-10-9-10-01"
"142",0.550388552714738,0.173231976019673,"S11:S17",7,"nonmatch","S-10-9-10-01"
"143",0.616664569240617,0.300482571876426,"S11:S17",8,"nonmatch","S-10-9-10-01"
"144",0.556688715480723,0.301108558737424,"S11:S17",9,"nonmatch","S-10-9-10-01"
"145",0.539323167785191,0.251785924521128,"S11:S18",1,"nonmatch","S-10-9-10-01"
"146",-0.246130917232557,0.256826381502324,"S11:S18",2,"nonmatch","S-10-9-10-01"
"147",0.122568269475203,0.453701979836313,"S11:S18",3,"nonmatch","S-10-9-10-01"
"148",0.171177512368376,0.367881067362275,"S11:S18",4,"nonmatch","S-10-9-10-01"
"149",0.164207317309836,0.332176659755725,"S11:S18",5,"nonmatch","S-10-9-10-01"
"150",0.259349993286772,0.267141251926065,"S11:S18",6,"nonmatch","S-10-9-10-01"
"151",0.458359783425444,0.35089794098336,"S11:S18",7,"nonmatch","S-10-9-10-01"
"152",0.589848586235481,0.356603003074727,"S11:S18",8,"nonmatch","S-10-9-10-01"
"153",0.563992567420671,0.382881085560316,"S11:S18",9,"nonmatch","S-10-9-10-01"
"154",0.379338081337723,0.376764524619423,"S11:S19",1,"nonmatch","S-10-9-10-01"
"155",-0.120703606033627,0.276193667181779,"S11:S19",2,"nonmatch","S-10-9-10-01"
"156",-0.012242567916218,0.15020639336085,"S11:S19",3,"nonmatch","S-10-9-10-01"
"157",-0.005701828755725,0.330463892557681,"S11:S19",4,"nonmatch","S-10-9-10-01"
"158",0.077965772138495,0.533994709746941,"S11:S19",5,"nonmatch","S-10-9-10-01"
"159",0.364117862016513,0.338298295072505,"S11:S19",6,"nonmatch","S-10-9-10-01"
"160",0.643444365796913,0.337164752653465,"S11:S19",7,"nonmatch","S-10-9-10-01"
"161",0.598771969946462,0.329463326953016,"S11:S19",8,"nonmatch","S-10-9-10-01"
"162",0.617855063109595,0.436120733987631,"S11:S19",9,"nonmatch","S-10-9-10-01"
"163",0.495754150757249,0.365647265352571,"S11:S20",1,"nonmatch","S-10-9-10-01"
"164",0.239898956613015,0.187144351936059,"S11:S20",2,"nonmatch","S-10-9-10-01"
"165",0.338774133524556,0.258300187575416,"S11:S20",3,"nonmatch","S-10-9-10-01"
"166",0.22529569152518,0.353944389254709,"S11:S20",4,"nonmatch","S-10-9-10-01"
"167",0.082904982862381,0.435118722830329,"S11:S20",5,"nonmatch","S-10-9-10-01"
"168",0.630452843682667,0.444627679139312,"S11:S20",6,"nonmatch","S-10-9-10-01"
"169",0.528173389422734,0.437689204134009,"S11:S20",7,"nonmatch","S-10-9-10-01"
"170",0.417638535024621,0.418755194712764,"S11:S20",8,"nonmatch","S-10-9-10-01"
"171",0.260774375948614,0.405497908090987,"S11:S20",9,"nonmatch","S-10-9-10-01"
"172",0.351712898469084,0.37492230850725,"S12:S11",1,"nonmatch","S-10-9-10-01"
"173",0.047636494491425,0.254057831145963,"S12:S11",2,"nonmatch","S-10-9-10-01"
"174",0.112480320130475,0.253117023133945,"S12:S11",3,"nonmatch","S-10-9-10-01"
"175",0.126385949333924,0.28241012013386,"S12:S11",4,"nonmatch","S-10-9-10-01"
"176",-0.120660181860614,0.245435604941399,"S12:S11",5,"nonmatch","S-10-9-10-01"
"177",0.333602780256585,0.281787790414448,"S12:S11",6,"nonmatch","S-10-9-10-01"
"178",0.297984087034815,0.307786730051423,"S12:S11",7,"nonmatch","S-10-9-10-01"
"179",0.233723506416179,0.286975776158028,"S12:S11",8,"nonmatch","S-10-9-10-01"
"180",0.490380409210969,0.269330922777869,"S12:S11",9,"nonmatch","S-10-9-10-01"
"181",0.269013680761802,0.355471731500108,"S12:S13",1,"nonmatch","S-10-9-10-01"
"182",-0.007886929553616,0.220230740571941,"S12:S13",2,"nonmatch","S-10-9-10-01"
"183",0.355887975762892,0.39383908331384,"S12:S13",3,"nonmatch","S-10-9-10-01"
"184",0.131075409195176,0.479635993889692,"S12:S13",4,"nonmatch","S-10-9-10-01"
"185",0.222817316887167,0.361440324245285,"S12:S13",5,"nonmatch","S-10-9-10-01"
"186",0.439998550529666,0.411654638092109,"S12:S13",6,"nonmatch","S-10-9-10-01"
"187",0.293017928114573,0.313929678013419,"S12:S13",7,"nonmatch","S-10-9-10-01"
"188",0.476560812878437,0.206584908453066,"S12:S13",8,"nonmatch","S-10-9-10-01"
"189",0.462741450462075,0.367925703453825,"S12:S13",9,"nonmatch","S-10-9-10-01"
"190",-0.027307841294992,0.376611403983648,"S12:S14",1,"nonmatch","S-10-9-10-01"
"191",0.042511791278489,0.309082939493655,"S12:S14",2,"nonmatch","S-10-9-10-01"
"192",0.065383447159211,0.183813000777882,"S12:S14",3,"nonmatch","S-10-9-10-01"
"193",0.222693686632824,0.260569661132546,"S12:S14",4,"nonmatch","S-10-9-10-01"
"194",0.15982487604782,0.268638066871259,"S12:S14",5,"nonmatch","S-10-9-10-01"
"195",0.368751581137931,0.221510749405516,"S12:S14",6,"nonmatch","S-10-9-10-01"
"196",0.383130881218658,0.22111559155372,"S12:S14",7,"nonmatch","S-10-9-10-01"
"197",0.260344845298084,0.319796905624202,"S12:S14",8,"nonmatch","S-10-9-10-01"
"198",0.348789059798149,0.266006600730629,"S12:S14",9,"nonmatch","S-10-9-10-01"
"199",-0.119778268909681,0.066930364046872,"S12:S15",1,"nonmatch","S-10-9-10-01"
"200",0.009200057769845,0.288446100215255,"S12:S15",2,"nonmatch","S-10-9-10-01"
"201",-0.197598582142134,0.449552761269066,"S12:S15",3,"nonmatch","S-10-9-10-01"
"202",0.277139701326599,0.407680293434324,"S12:S15",4,"nonmatch","S-10-9-10-01"
"203",0.099831430328899,0.270811819587821,"S12:S15",5,"nonmatch","S-10-9-10-01"
"204",-0.029271584606159,0.248764479084042,"S12:S15",6,"nonmatch","S-10-9-10-01"
"205",0.189842083714092,0.204521547003928,"S12:S15",7,"nonmatch","S-10-9-10-01"
"206",0.257758465549513,0.263910326567404,"S12:S15",8,"nonmatch","S-10-9-10-01"
"207",0.185732975508075,0.354547802602808,"S12:S15",9,"nonmatch","S-10-9-10-01"
"208",0.128638433570265,0.204787975935097,"S12:S16",1,"nonmatch","S-10-9-10-01"
"209",0.175222269830918,0.091273281047658,"S12:S16",2,"nonmatch","S-10-9-10-01"
"210",0.325490841077813,0.157633363406953,"S12:S16",3,"nonmatch","S-10-9-10-01"
"211",0.217607795773474,0.287537780965317,"S12:S16",4,"nonmatch","S-10-9-10-01"
"212",0.2796589040633,0.249583607184976,"S12:S16",5,"nonmatch","S-10-9-10-01"
"213",0.080562978882985,0.313185595023898,"S12:S16",6,"nonmatch","S-10-9-10-01"
"214",0.260679218344111,0.381879709858225,"S12:S16",7,"nonmatch","S-10-9-10-01"
"215",0.540988062782769,0.391119998106378,"S12:S16",8,"nonmatch","S-10-9-10-01"
"216",0.227119447398077,0.189605977702188,"S12:S16",9,"nonmatch","S-10-9-10-01"
"217",0.258290150370023,0.356227258058299,"S12:S17",1,"nonmatch","S-10-9-10-01"
"218",0.095135761998818,0.258094615422731,"S12:S17",2,"nonmatch","S-10-9-10-01"
"219",0.111138184164535,0.242167743216377,"S12:S17",3,"nonmatch","S-10-9-10-01"
"220",0.295480842542546,0.243227531326248,"S12:S17",4,"nonmatch","S-10-9-10-01"
"221",0.453640993715071,0.24323868664029,"S12:S17",5,"nonmatch","S-10-9-10-01"
"222",0.289048200792026,0.144424283219468,"S12:S17",6,"nonmatch","S-10-9-10-01"
"223",0.410842290878083,0.191701830531641,"S12:S17",7,"nonmatch","S-10-9-10-01"
"224",0.208893533953073,0.155730424663343,"S12:S17",8,"nonmatch","S-10-9-10-01"
"225",0.281511503900089,0.215109809622236,"S12:S17",9,"nonmatch","S-10-9-10-01"
"226",0.200189135945715,0.297536689966839,"S12:S18",1,"nonmatch","S-10-9-10-01"
"227",0.455505964425116,0.284949497805505,"S12:S18",2,"nonmatch","S-10-9-10-01"
"228",0.217794029159789,0.304865383564141,"S12:S18",3,"nonmatch","S-10-9-10-01"
"229",0.348485544612605,0.257107445983027,"S12:S18",4,"nonmatch","S-10-9-10-01"
"230",0.457594527070753,0.211997036938064,"S12:S18",5,"nonmatch","S-10-9-10-01"
"231",0.324059214376026,0.284546995501402,"S12:S18",6,"nonmatch","S-10-9-10-01"
"232",0.534586819136783,0.227300358129193,"S12:S18",7,"nonmatch","S-10-9-10-01"
"233",0.489548445354237,0.232781469704714,"S12:S18",8,"nonmatch","S-10-9-10-01"
"234",0.092118562740746,0.298387992578322,"S12:S18",9,"nonmatch","S-10-9-10-01"
"235",0.449524099391341,0.210982730888925,"S12:S19",1,"nonmatch","S-10-9-10-01"
"236",0.062150903376867,0.148902494093183,"S12:S19",2,"nonmatch","S-10-9-10-01"
"237",0.557529807286713,0.299968812918507,"S12:S19",3,"nonmatch","S-10-9-10-01"
"238",0.252666757834048,0.270887675987772,"S12:S19",4,"nonmatch","S-10-9-10-01"
"239",0.243314403619694,0.322528329299784,"S12:S19",5,"nonmatch","S-10-9-10-01"
"240",0.287728592725068,0.358114772871626,"S12:S19",6,"nonmatch","S-10-9-10-01"
"241",0.373576968327336,0.372641843620423,"S12:S19",7,"nonmatch","S-10-9-10-01"
"242",0.516733090825516,0.219405510163589,"S12:S19",8,"nonmatch","S-10-9-10-01"
"243",0.38020626022334,0.345544026591874,"S12:S19",9,"nonmatch","S-10-9-10-01"
"244",0.323029448144273,0.203249715620561,"S12:S20",1,"nonmatch","S-10-9-10-01"
"245",0.262836700538422,0.352889381884985,"S12:S20",2,"nonmatch","S-10-9-10-01"
"246",-0.098363922115598,0.366213606153412,"S12:S20",3,"nonmatch","S-10-9-10-01"
"247",-0.135233903586197,0.27581884559962,"S12:S20",4,"nonmatch","S-10-9-10-01"
"248",0.032717241025823,0.198425175367656,"S12:S20",5,"nonmatch","S-10-9-10-01"
"249",0.253641509381059,0.337255395830673,"S12:S20",6,"nonmatch","S-10-9-10-01"
"250",0.385254192859336,0.321175416342827,"S12:S20",7,"nonmatch","S-10-9-10-01"
"251",0.372214899926523,0.266369079870921,"S12:S20",8,"nonmatch","S-10-9-10-01"
"252",-0.071132865377431,0.311210433248426,"S12:S20",9,"nonmatch","S-10-9-10-01"
"253",0.362130839196582,0.138905568213351,"S13:S11",1,"nonmatch","S-10-9-10-01"
"254",0.108567710672855,0.261667590805626,"S13:S11",2,"nonmatch","S-10-9-10-01"
"255",-0.010925563666798,0.442951229224866,"S13:S11",3,"nonmatch","S-10-9-10-01"
"256",0.262135954468036,0.268635754681675,"S13:S11",4,"nonmatch","S-10-9-10-01"
"257",0.246451634054279,0.332611081828343,"S13:S11",5,"nonmatch","S-10-9-10-01"
"258",0.429630908600397,0.371318541607116,"S13:S11",6,"nonmatch","S-10-9-10-01"
"259",0.304234968194816,0.246862567482941,"S13:S11",7,"nonmatch","S-10-9-10-01"
"260",0.094452671422761,0.356316922585676,"S13:S11",8,"nonmatch","S-10-9-10-01"
"261",0.423655722862485,0.299071169102925,"S13:S11",9,"nonmatch","S-10-9-10-01"
"262",0.406957379216253,0.207239442140871,"S13:S12",1,"nonmatch","S-10-9-10-01"
"263",0.107542300949782,0.256427944551778,"S13:S12",2,"nonmatch","S-10-9-10-01"
"264",0.445069288062269,0.453158696093002,"S13:S12",3,"nonmatch","S-10-9-10-01"
"265",0.414785832268159,0.415986678380738,"S13:S12",4,"nonmatch","S-10-9-10-01"
"266",0.295961040059374,0.258059182216544,"S13:S12",5,"nonmatch","S-10-9-10-01"
"267",0.310318810197983,0.291658894366771,"S13:S12",6,"nonmatch","S-10-9-10-01"
"268",0.176271050209413,0.142273653206338,"S13:S12",7,"nonmatch","S-10-9-10-01"
"269",0.477985203004631,0.107629350274898,"S13:S12",8,"nonmatch","S-10-9-10-01"
"270",0.374533326163635,0.30722240431086,"S13:S12",9,"nonmatch","S-10-9-10-01"
"271",0.132838486792478,0.390492269075147,"S13:S14",1,"nonmatch","S-10-9-10-01"
"272",0.576587734015367,0.348548032561442,"S13:S14",2,"nonmatch","S-10-9-10-01"
"273",0.154188770016427,0.377034242754986,"S13:S14",3,"nonmatch","S-10-9-10-01"
"274",0.225348442802596,0.302404061909675,"S13:S14",4,"nonmatch","S-10-9-10-01"
"275",0.2421789585276,0.198705084696643,"S13:S14",5,"nonmatch","S-10-9-10-01"
"276",0.523254593801607,0.239860130193684,"S13:S14",6,"nonmatch","S-10-9-10-01"
"277",0.138308714841914,0.330374198727387,"S13:S14",7,"nonmatch","S-10-9-10-01"
"278",0.508840970664782,0.314032150260094,"S13:S14",8,"nonmatch","S-10-9-10-01"
"279",0.279512575443802,0.482920024679996,"S13:S14",9,"nonmatch","S-10-9-10-01"
"280",0.357145923710198,0.19742060149802,"S13:S15",1,"nonmatch","S-10-9-10-01"
"281",0.38068101629356,0.428933383187667,"S13:S15",2,"nonmatch","S-10-9-10-01"
"282",0.088072700937332,0.415353273755888,"S13:S15",3,"nonmatch","S-10-9-10-01"
"283",0.188174526207811,0.404725165357401,"S13:S15",4,"nonmatch","S-10-9-10-01"
"284",0.001787065584527,0.365672993435029,"S13:S15",5,"nonmatch","S-10-9-10-01"
"285",0.225750666749671,0.403994361115371,"S13:S15",6,"nonmatch","S-10-9-10-01"
"286",0.109430549751429,0.285741178289729,"S13:S15",7,"nonmatch","S-10-9-10-01"
"287",0.121201929927826,0.267652381225285,"S13:S15",8,"nonmatch","S-10-9-10-01"
"288",0.276219765995017,0.493669002130363,"S13:S15",9,"nonmatch","S-10-9-10-01"
"289",0.430820918375083,0.226457682418371,"S13:S16",1,"nonmatch","S-10-9-10-01"
"290",0.478038071846227,0.189861056041514,"S13:S16",2,"nonmatch","S-10-9-10-01"
"291",0.364751352586195,0.333876128175752,"S13:S16",3,"nonmatch","S-10-9-10-01"
"292",0.581423660630204,0.200486158725776,"S13:S16",4,"nonmatch","S-10-9-10-01"
"293",0.105563984326793,0.313390039025575,"S13:S16",5,"nonmatch","S-10-9-10-01"
"294",0.51503546901548,0.231208135345361,"S13:S16",6,"nonmatch","S-10-9-10-01"
"295",0.510730768296696,0.261334591004926,"S13:S16",7,"nonmatch","S-10-9-10-01"
"296",0.354424295719455,0.17909754969155,"S13:S16",8,"nonmatch","S-10-9-10-01"
"297",0.277129362201204,0.200962284581677,"S13:S16",9,"nonmatch","S-10-9-10-01"
"298",0.234263377128397,0.281950477556623,"S13:S17",1,"nonmatch","S-10-9-10-01"
"299",0.270728409921996,0.351082442870299,"S13:S17",2,"nonmatch","S-10-9-10-01"
"300",0.224868143000126,0.425139548348069,"S13:S17",3,"nonmatch","S-10-9-10-01"
"301",0.370916696189384,0.433632070277046,"S13:S17",4,"nonmatch","S-10-9-10-01"
"302",0.337576803610419,0.299302302577771,"S13:S17",5,"nonmatch","S-10-9-10-01"
"303",0.518221985300424,0.369814213223569,"S13:S17",6,"nonmatch","S-10-9-10-01"
"304",0.404234122565619,0.286367246968532,"S13:S17",7,"nonmatch","S-10-9-10-01"
"305",0.219076388772864,0.206749361209757,"S13:S17",8,"nonmatch","S-10-9-10-01"
"306",0.267056210651519,0.332678767958046,"S13:S17",9,"nonmatch","S-10-9-10-01"
"307",0.460111898626981,0.423459523208927,"S13:S18",1,"nonmatch","S-10-9-10-01"
"308",0.199115783905313,0.432539929442746,"S13:S18",2,"nonmatch","S-10-9-10-01"
"309",0.201768571464083,0.30636161677902,"S13:S18",3,"nonmatch","S-10-9-10-01"
"310",0.341126401901878,0.342619014829491,"S13:S18",4,"nonmatch","S-10-9-10-01"
"311",0.367311509390973,0.387605446693987,"S13:S18",5,"nonmatch","S-10-9-10-01"
"312",0.56000082084126,0.354396765455862,"S13:S18",6,"nonmatch","S-10-9-10-01"
"313",0.309207725399146,0.252227616145343,"S13:S18",7,"nonmatch","S-10-9-10-01"
"314",0.318226429845428,0.290303235980998,"S13:S18",8,"nonmatch","S-10-9-10-01"
"315",0.111458485992914,0.340073297318339,"S13:S18",9,"nonmatch","S-10-9-10-01"
"316",0.341609837427551,0.300930273857283,"S13:S19",1,"nonmatch","S-10-9-10-01"
"317",0.191938644942017,0.279969811800414,"S13:S19",2,"nonmatch","S-10-9-10-01"
"318",0.252857174118924,0.284811171469053,"S13:S19",3,"nonmatch","S-10-9-10-01"
"319",-0.108203160507982,0.380598243286828,"S13:S19",4,"nonmatch","S-10-9-10-01"
"320",-0.123635591111649,0.319150376234265,"S13:S19",5,"nonmatch","S-10-9-10-01"
"321",0.367566901219534,0.303173004178934,"S13:S19",6,"nonmatch","S-10-9-10-01"
"322",0.357745446222845,0.22669282347941,"S13:S19",7,"nonmatch","S-10-9-10-01"
"323",0.498377333072168,0.420539541981624,"S13:S19",8,"nonmatch","S-10-9-10-01"
"324",0.43566129304332,0.353592567310243,"S13:S19",9,"nonmatch","S-10-9-10-01"
"325",0.269141783891277,0.198007784408105,"S13:S20",1,"nonmatch","S-10-9-10-01"
"326",-0.081471231308067,0.238030705761532,"S13:S20",2,"nonmatch","S-10-9-10-01"
"327",0.114232067075885,0.315897146674893,"S13:S20",3,"nonmatch","S-10-9-10-01"
"328",0.329589579594467,0.286962793793086,"S13:S20",4,"nonmatch","S-10-9-10-01"
"329",0.008911862476229,0.278800725771267,"S13:S20",5,"nonmatch","S-10-9-10-01"
"330",0.291933554774748,0.357361752274692,"S13:S20",6,"nonmatch","S-10-9-10-01"
"331",0.156279346204102,0.31179169290991,"S13:S20",7,"nonmatch","S-10-9-10-01"
"332",0.189526489735774,0.258359289381467,"S13:S20",8,"nonmatch","S-10-9-10-01"
"333",0.046656587030569,0.318141959984058,"S13:S20",9,"nonmatch","S-10-9-10-01"
"334",0.248203422847862,0.141871940947221,"S14:S11",1,"nonmatch","S-10-9-10-01"
"335",0.049227399248251,0.194024299759204,"S14:S11",2,"nonmatch","S-10-9-10-01"
"336",-0.051958422814622,0.325590978763417,"S14:S11",3,"nonmatch","S-10-9-10-01"
"337",0.089150934294938,0.385028646967906,"S14:S11",4,"nonmatch","S-10-9-10-01"
"338",0.394591214540656,0.336368060279861,"S14:S11",5,"nonmatch","S-10-9-10-01"
"339",0.546122759303563,0.196334819510142,"S14:S11",6,"nonmatch","S-10-9-10-01"
"340",0.540082343701858,0.414826608173699,"S14:S11",7,"nonmatch","S-10-9-10-01"
"341",0.384958885451548,0.473429466028781,"S14:S11",8,"nonmatch","S-10-9-10-01"
"342",0.509866987242448,0.298628291443081,"S14:S11",9,"nonmatch","S-10-9-10-01"
"343",0.019887636535365,0.358449375076159,"S14:S12",1,"nonmatch","S-10-9-10-01"
"344",0.165409002555369,0.298999714950998,"S14:S12",2,"nonmatch","S-10-9-10-01"
"345",0.085359799014864,0.146968438185289,"S14:S12",3,"nonmatch","S-10-9-10-01"
"346",0.263087132372418,0.232995051434501,"S14:S12",4,"nonmatch","S-10-9-10-01"
"347",0.312435228168139,0.206559187576977,"S14:S12",5,"nonmatch","S-10-9-10-01"
"348",0.427675129000803,0.241021777051205,"S14:S12",6,"nonmatch","S-10-9-10-01"
"349",0.318127577870021,0.17490569321648,"S14:S12",7,"nonmatch","S-10-9-10-01"
"350",0.228028487374704,0.269896250534453,"S14:S12",8,"nonmatch","S-10-9-10-01"
"351",0.371507960096222,0.200215746541656,"S14:S12",9,"nonmatch","S-10-9-10-01"
"352",0.08154793441359,0.30399300847478,"S14:S13",1,"nonmatch","S-10-9-10-01"
"353",0.576160803710705,0.302200032291549,"S14:S13",2,"nonmatch","S-10-9-10-01"
"354",0.088968407311951,0.303037121902951,"S14:S13",3,"nonmatch","S-10-9-10-01"
"355",0.085293174304819,0.33883546630361,"S14:S13",4,"nonmatch","S-10-9-10-01"
"356",0.256947997619377,0.383376351539798,"S14:S13",5,"nonmatch","S-10-9-10-01"
"357",0.592561622194806,0.293457535327711,"S14:S13",6,"nonmatch","S-10-9-10-01"
"358",0.303204330227923,0.374237656788518,"S14:S13",7,"nonmatch","S-10-9-10-01"
"359",0.548355543780953,0.402193289817766,"S14:S13",8,"nonmatch","S-10-9-10-01"
"360",0.146238676420991,0.361220545375489,"S14:S13",9,"nonmatch","S-10-9-10-01"
"361",0.091023452693616,0.15522559257182,"S14:S15",1,"nonmatch","S-10-9-10-01"
"362",0.529293610155153,0.330249530442038,"S14:S15",2,"nonmatch","S-10-9-10-01"
"363",0.18599044902253,0.352064563246631,"S14:S15",3,"nonmatch","S-10-9-10-01"
"364",0.311903822584627,0.254885318755065,"S14:S15",4,"nonmatch","S-10-9-10-01"
"365",0.092143790353166,0.15295628541983,"S14:S15",5,"nonmatch","S-10-9-10-01"
"366",0.331422479217414,0.310916920009709,"S14:S15",6,"nonmatch","S-10-9-10-01"
"367",0.299581378521866,0.192158165013708,"S14:S15",7,"nonmatch","S-10-9-10-01"
"368",0.314830049861583,0.38247382169723,"S14:S15",8,"nonmatch","S-10-9-10-01"
"369",0.2265237910844,0.241399427253266,"S14:S15",9,"nonmatch","S-10-9-10-01"
"370",0.439404080223,0.135889895322311,"S14:S16",1,"nonmatch","S-10-9-10-01"
"371",0.322933618423888,0.192074359293751,"S14:S16",2,"nonmatch","S-10-9-10-01"
"372",0.17300876852342,0.250411968718249,"S14:S16",3,"nonmatch","S-10-9-10-01"
"373",0.169977127161808,0.332727762628567,"S14:S16",4,"nonmatch","S-10-9-10-01"
"374",0.300069907143719,0.208800555114558,"S14:S16",5,"nonmatch","S-10-9-10-01"
"375",0.354694944374672,0.310687939270522,"S14:S16",6,"nonmatch","S-10-9-10-01"
"376",0.416912909383724,0.263843484461537,"S14:S16",7,"nonmatch","S-10-9-10-01"
"377",0.2951273295768,0.273301003983884,"S14:S16",8,"nonmatch","S-10-9-10-01"
"378",0.28078057751097,0.233405293267244,"S14:S16",9,"nonmatch","S-10-9-10-01"
"379",0.388086124781447,0.337162495470949,"S14:S17",1,"nonmatch","S-10-9-10-01"
"380",0.625685876030355,0.376860599749461,"S14:S17",2,"nonmatch","S-10-9-10-01"
"381",0.215177656464237,0.378246648589771,"S14:S17",3,"nonmatch","S-10-9-10-01"
"382",0.091467087136196,0.256765502866573,"S14:S17",4,"nonmatch","S-10-9-10-01"
"383",0.179711466588319,0.257713266652061,"S14:S17",5,"nonmatch","S-10-9-10-01"
"384",0.236375203381113,0.178392031808848,"S14:S17",6,"nonmatch","S-10-9-10-01"
"385",0.238280917413959,0.282020831443991,"S14:S17",7,"nonmatch","S-10-9-10-01"
"386",0.291435022080912,0.291168797733348,"S14:S17",8,"nonmatch","S-10-9-10-01"
"387",0.311579450964314,0.405235346595828,"S14:S17",9,"nonmatch","S-10-9-10-01"
"388",-0.028646141960843,0.172664607753664,"S14:S18",1,"nonmatch","S-10-9-10-01"
"389",0.257019162633597,0.239142433007391,"S14:S18",2,"nonmatch","S-10-9-10-01"
"390",0.041230594434815,0.183162370968885,"S14:S18",3,"nonmatch","S-10-9-10-01"
"391",0.208695153487109,0.25500207969391,"S14:S18",4,"nonmatch","S-10-9-10-01"
"392",0.131902906599643,0.289209896046203,"S14:S18",5,"nonmatch","S-10-9-10-01"
"393",0.420701402241751,0.295338177112314,"S14:S18",6,"nonmatch","S-10-9-10-01"
"394",0.305003299981345,0.3247873085024,"S14:S18",7,"nonmatch","S-10-9-10-01"
"395",0.119436141402079,0.410217283161807,"S14:S18",8,"nonmatch","S-10-9-10-01"
"396",0.201030174188209,0.358973244903985,"S14:S18",9,"nonmatch","S-10-9-10-01"
"397",-0.042785776394752,0.27549741893232,"S14:S19",1,"nonmatch","S-10-9-10-01"
"398",0.165289142390063,0.118035140055811,"S14:S19",2,"nonmatch","S-10-9-10-01"
"399",0.199980445778537,0.282232372135468,"S14:S19",3,"nonmatch","S-10-9-10-01"
"400",0.581196260170038,0.480755837397036,"S14:S19",4,"nonmatch","S-10-9-10-01"
"401",0.100876290196532,0.267080208778114,"S14:S19",5,"nonmatch","S-10-9-10-01"
"402",0.354646996743313,0.340945361930854,"S14:S19",6,"nonmatch","S-10-9-10-01"
"403",0.431556119730373,0.232014446042859,"S14:S19",7,"nonmatch","S-10-9-10-01"
"404",0.650590915441061,0.397989754526886,"S14:S19",8,"nonmatch","S-10-9-10-01"
"405",0.545911473718414,0.307720018703803,"S14:S19",9,"nonmatch","S-10-9-10-01"
"406",0.120908404716538,0.162111354200634,"S14:S20",1,"nonmatch","S-10-9-10-01"
"407",-0.058236395210846,0.222996372100943,"S14:S20",2,"nonmatch","S-10-9-10-01"
"408",0.067455862806137,0.233931465136663,"S14:S20",3,"nonmatch","S-10-9-10-01"
"409",0.174730127392018,0.239418736671292,"S14:S20",4,"nonmatch","S-10-9-10-01"
"410",-0.151042560326833,0.223549979343969,"S14:S20",5,"nonmatch","S-10-9-10-01"
"411",0.378977220455079,0.500951637339502,"S14:S20",6,"nonmatch","S-10-9-10-01"
"412",0.42621809357872,0.372944794820393,"S14:S20",7,"nonmatch","S-10-9-10-01"
"413",0.260488319204257,0.373194494395233,"S14:S20",8,"nonmatch","S-10-9-10-01"
"414",0.2668034068161,0.408556374468417,"S14:S20",9,"nonmatch","S-10-9-10-01"
"415",0.193314034919245,0.122675459042571,"S15:S11",1,"nonmatch","S-10-9-10-01"
"416",0.230348815926429,0.200103532411722,"S15:S11",2,"nonmatch","S-10-9-10-01"
"417",0.063386395771793,0.339456547618922,"S15:S11",3,"nonmatch","S-10-9-10-01"
"418",-0.066368821063636,0.217139844551645,"S15:S11",4,"nonmatch","S-10-9-10-01"
"419",-0.014867127916267,0.271188748502755,"S15:S11",5,"nonmatch","S-10-9-10-01"
"420",0.187100460863182,0.284949064575565,"S15:S11",6,"nonmatch","S-10-9-10-01"
"421",0.419134487508902,0.326418697253998,"S15:S11",7,"nonmatch","S-10-9-10-01"
"422",0.584367148916317,0.237888265394134,"S15:S11",8,"nonmatch","S-10-9-10-01"
"423",0.33867597173251,0.188534746940475,"S15:S11",9,"nonmatch","S-10-9-10-01"
"424",0.038485141807202,0.054038364697815,"S15:S12",1,"nonmatch","S-10-9-10-01"
"425",0.149332034719294,0.320413749526314,"S15:S12",2,"nonmatch","S-10-9-10-01"
"426",-0.105381388570362,0.390477141237485,"S15:S12",3,"nonmatch","S-10-9-10-01"
"427",0.394528892518817,0.276971908581994,"S15:S12",4,"nonmatch","S-10-9-10-01"
"428",0.08339953316913,0.206824684835603,"S15:S12",5,"nonmatch","S-10-9-10-01"
"429",-0.003441793095663,0.020081179911263,"S15:S12",6,"nonmatch","S-10-9-10-01"
"430",0.156582878346594,0.022703148365219,"S15:S12",7,"nonmatch","S-10-9-10-01"
"431",0.144669883244505,0.190442353787357,"S15:S12",8,"nonmatch","S-10-9-10-01"
"432",0.010491011129767,0.420213721733684,"S15:S12",9,"nonmatch","S-10-9-10-01"
"433",0.363539463897221,0.193067551330878,"S15:S13",1,"nonmatch","S-10-9-10-01"
"434",0.433031764385258,0.343270182384731,"S15:S13",2,"nonmatch","S-10-9-10-01"
"435",0.185052873261982,0.425870171810384,"S15:S13",3,"nonmatch","S-10-9-10-01"
"436",0.094489339434699,0.33517763903461,"S15:S13",4,"nonmatch","S-10-9-10-01"
"437",0.007840847320826,0.359406644349871,"S15:S13",5,"nonmatch","S-10-9-10-01"
"438",0.224165382862565,0.362639642625493,"S15:S13",6,"nonmatch","S-10-9-10-01"
"439",0.099585257420647,0.342043708483462,"S15:S13",7,"nonmatch","S-10-9-10-01"
"440",0.064802442048387,0.301787384599446,"S15:S13",8,"nonmatch","S-10-9-10-01"
"441",0.215740167568604,0.406513339114881,"S15:S13",9,"nonmatch","S-10-9-10-01"
"442",0.196149415372505,0.167063125702226,"S15:S14",1,"nonmatch","S-10-9-10-01"
"443",0.568768991856047,0.26382175439178,"S15:S14",2,"nonmatch","S-10-9-10-01"
"444",0.227379955952345,0.319194880413911,"S15:S14",3,"nonmatch","S-10-9-10-01"
"445",0.229899712505121,0.300207955423804,"S15:S14",4,"nonmatch","S-10-9-10-01"
"446",0.084541901089597,0.136142073987314,"S15:S14",5,"nonmatch","S-10-9-10-01"
"447",0.264738173454084,0.358496142221924,"S15:S14",6,"nonmatch","S-10-9-10-01"
"448",0.215165020970407,0.309679037647117,"S15:S14",7,"nonmatch","S-10-9-10-01"
"449",0.273748198539996,0.331136502461121,"S15:S14",8,"nonmatch","S-10-9-10-01"
"450",0.178710025467656,0.367357258824485,"S15:S14",9,"nonmatch","S-10-9-10-01"
"451",0.037244224916598,0.102375623793342,"S15:S16",1,"nonmatch","S-10-9-10-01"
"452",-0.036467931338829,0.071049643729973,"S15:S16",2,"nonmatch","S-10-9-10-01"
"453",-0.088268492210887,0.195181252082373,"S15:S16",3,"nonmatch","S-10-9-10-01"
"454",0.059656291049799,0.093719812716794,"S15:S16",4,"nonmatch","S-10-9-10-01"
"455",-0.189739130454462,0.170253749802998,"S15:S16",5,"nonmatch","S-10-9-10-01"
"456",0.12289796879865,0.204324121008937,"S15:S16",6,"nonmatch","S-10-9-10-01"
"457",0.241724345747496,0.186480618216261,"S15:S16",7,"nonmatch","S-10-9-10-01"
"458",0.391167736581103,0.211992056039346,"S15:S16",8,"nonmatch","S-10-9-10-01"
"459",0.200433603580737,0.213174567629635,"S15:S16",9,"nonmatch","S-10-9-10-01"
"460",0.255413525081658,0.099777801093107,"S15:S17",1,"nonmatch","S-10-9-10-01"
"461",0.518751625264506,0.297935180503139,"S15:S17",2,"nonmatch","S-10-9-10-01"
"462",0.096968749534006,0.239940364921803,"S15:S17",3,"nonmatch","S-10-9-10-01"
"463",0.144272501993684,0.264265280172869,"S15:S17",4,"nonmatch","S-10-9-10-01"
"464",0.061825562980499,0.266263849233693,"S15:S17",5,"nonmatch","S-10-9-10-01"
"465",0.012764987827403,0.289423012631062,"S15:S17",6,"nonmatch","S-10-9-10-01"
"466",0.056431767386176,0.349631743624134,"S15:S17",7,"nonmatch","S-10-9-10-01"
"467",0.550754543876598,0.310483728093985,"S15:S17",8,"nonmatch","S-10-9-10-01"
"468",0.327642330592117,0.333597919380929,"S15:S17",9,"nonmatch","S-10-9-10-01"
"469",0.043460379366946,0.138244782268404,"S15:S18",1,"nonmatch","S-10-9-10-01"
"470",0.226047819338115,0.208999513197482,"S15:S18",2,"nonmatch","S-10-9-10-01"
"471",0.278043037560393,0.312513477366448,"S15:S18",3,"nonmatch","S-10-9-10-01"
"472",-0.064398097697947,0.343423966568639,"S15:S18",4,"nonmatch","S-10-9-10-01"
"473",0.109732963192979,0.266578990032674,"S15:S18",5,"nonmatch","S-10-9-10-01"
"474",0.038216262678504,0.280675131102203,"S15:S18",6,"nonmatch","S-10-9-10-01"
"475",0.0687992290708,0.325743622796894,"S15:S18",7,"nonmatch","S-10-9-10-01"
"476",0.288408244194611,0.458276093356507,"S15:S18",8,"nonmatch","S-10-9-10-01"
"477",0.296103056246603,0.19889932702959,"S15:S18",9,"nonmatch","S-10-9-10-01"
"478",-0.137181518449834,0.225265447049968,"S15:S19",1,"nonmatch","S-10-9-10-01"
"479",-0.169259475683077,0.139423534094956,"S15:S19",2,"nonmatch","S-10-9-10-01"
"480",-0.001284427198741,0.241600359561306,"S15:S19",3,"nonmatch","S-10-9-10-01"
"481",0.324043012177298,0.317931236588283,"S15:S19",4,"nonmatch","S-10-9-10-01"
"482",0.022738364822091,0.272433139467105,"S15:S19",5,"nonmatch","S-10-9-10-01"
"483",0.147019825363437,0.267795975452819,"S15:S19",6,"nonmatch","S-10-9-10-01"
"484",0.311741684455032,0.2153599855815,"S15:S19",7,"nonmatch","S-10-9-10-01"
"485",0.430147088884892,0.217374308213991,"S15:S19",8,"nonmatch","S-10-9-10-01"
"486",0.304893791290061,0.199601353950725,"S15:S19",9,"nonmatch","S-10-9-10-01"
"487",0.105266356815496,0.263103817019465,"S15:S20",1,"nonmatch","S-10-9-10-01"
"488",0.064889399986653,0.220840674257649,"S15:S20",2,"nonmatch","S-10-9-10-01"
"489",0.282922034076091,0.408910450424282,"S15:S20",3,"nonmatch","S-10-9-10-01"
"490",0.039665203180873,0.257781351035203,"S15:S20",4,"nonmatch","S-10-9-10-01"
"491",0.083453701652545,0.343498250778919,"S15:S20",5,"nonmatch","S-10-9-10-01"
"492",0.197268447419447,0.361288762102159,"S15:S20",6,"nonmatch","S-10-9-10-01"
"493",0.322916291116451,0.386479595020379,"S15:S20",7,"nonmatch","S-10-9-10-01"
"494",0.278954044444831,0.26929328861168,"S15:S20",8,"nonmatch","S-10-9-10-01"
"495",0.423823904092955,0.373976157359345,"S15:S20",9,"nonmatch","S-10-9-10-01"
"496",0.39566883822373,0.226211907721722,"S16:S11",1,"nonmatch","S-10-9-10-01"
"497",-0.080141494287439,0.354919730017082,"S16:S11",2,"nonmatch","S-10-9-10-01"
"498",0.060444432907082,0.259277696856657,"S16:S11",3,"nonmatch","S-10-9-10-01"
"499",0.14245955518775,0.206335899097923,"S16:S11",4,"nonmatch","S-10-9-10-01"
"500",0.125051836219991,0.174884031334158,"S16:S11",5,"nonmatch","S-10-9-10-01"
"501",0.200514696907955,0.104198862019263,"S16:S11",6,"nonmatch","S-10-9-10-01"
"502",0.364803083527943,0.193480802005445,"S16:S11",7,"nonmatch","S-10-9-10-01"
"503",0.475013049170853,0.355821750653626,"S16:S11",8,"nonmatch","S-10-9-10-01"
"504",0.404154112529965,0.408790699932679,"S16:S11",9,"nonmatch","S-10-9-10-01"
"505",0.234889529267985,0.272318585256894,"S16:S12",1,"nonmatch","S-10-9-10-01"
"506",0.246003833473631,0.104653376638988,"S16:S12",2,"nonmatch","S-10-9-10-01"
"507",0.384241162819757,0.09285285592709,"S16:S12",3,"nonmatch","S-10-9-10-01"
"508",0.451622322800632,0.185090922222858,"S16:S12",4,"nonmatch","S-10-9-10-01"
"509",0.314303960462102,0.331631145083318,"S16:S12",5,"nonmatch","S-10-9-10-01"
"510",0.212747116499171,0.30483272129039,"S16:S12",6,"nonmatch","S-10-9-10-01"
"511",0.09995075711092,0.250953881331297,"S16:S12",7,"nonmatch","S-10-9-10-01"
"512",0.469059163173163,0.404048808836022,"S16:S12",8,"nonmatch","S-10-9-10-01"
"513",0.208475697406406,0.21504644984035,"S16:S12",9,"nonmatch","S-10-9-10-01"
"514",0.551863357233156,0.231160567744351,"S16:S13",1,"nonmatch","S-10-9-10-01"
"515",0.415398317646004,0.216872652611517,"S16:S13",2,"nonmatch","S-10-9-10-01"
"516",0.328859890865134,0.250748459509568,"S16:S13",3,"nonmatch","S-10-9-10-01"
"517",0.500887450774078,0.269630206143318,"S16:S13",4,"nonmatch","S-10-9-10-01"
"518",0.054805808849167,0.272304688263316,"S16:S13",5,"nonmatch","S-10-9-10-01"
"519",0.433121088450726,0.188925110648374,"S16:S13",6,"nonmatch","S-10-9-10-01"
"520",0.442265113874477,0.329493601952559,"S16:S13",7,"nonmatch","S-10-9-10-01"
"521",0.445968016008472,0.279853325543751,"S16:S13",8,"nonmatch","S-10-9-10-01"
"522",0.166428366175236,0.263974149971924,"S16:S13",9,"nonmatch","S-10-9-10-01"
"523",0.278044570224117,0.189135403327106,"S16:S14",1,"nonmatch","S-10-9-10-01"
"524",0.157388034512683,0.186297232034535,"S16:S14",2,"nonmatch","S-10-9-10-01"
"525",0.036131043725114,0.157058396126217,"S16:S14",3,"nonmatch","S-10-9-10-01"
"526",0.24957276030522,0.24210369480169,"S16:S14",4,"nonmatch","S-10-9-10-01"
"527",0.266052283135608,0.197402536071668,"S16:S14",5,"nonmatch","S-10-9-10-01"
"528",0.331991290099267,0.224631795309639,"S16:S14",6,"nonmatch","S-10-9-10-01"
"529",0.394802195113541,0.247784775054531,"S16:S14",7,"nonmatch","S-10-9-10-01"
"530",0.304743426264868,0.342729891574739,"S16:S14",8,"nonmatch","S-10-9-10-01"
"531",0.309138982262421,0.234601680753538,"S16:S14",9,"nonmatch","S-10-9-10-01"
"532",0.042023704830564,0.122463564501876,"S16:S15",1,"nonmatch","S-10-9-10-01"
"533",-0.134720992968241,0.150366119174938,"S16:S15",2,"nonmatch","S-10-9-10-01"
"534",-0.109060834337456,0.247880297855756,"S16:S15",3,"nonmatch","S-10-9-10-01"
"535",-0.001242217241782,0.087907058220191,"S16:S15",4,"nonmatch","S-10-9-10-01"
"536",-0.283958124394245,0.161969920894946,"S16:S15",5,"nonmatch","S-10-9-10-01"
"537",0.102884242598285,0.164809738206713,"S16:S15",6,"nonmatch","S-10-9-10-01"
"538",0.318756788403722,0.259792497260677,"S16:S15",7,"nonmatch","S-10-9-10-01"
"539",0.382097688692377,0.21371662196799,"S16:S15",8,"nonmatch","S-10-9-10-01"
"540",0.319400490937608,0.194811490033404,"S16:S15",9,"nonmatch","S-10-9-10-01"
"541",0.391033584580419,0.373461456710675,"S16:S17",1,"nonmatch","S-10-9-10-01"
"542",0.190287386187007,0.278667939461027,"S16:S17",2,"nonmatch","S-10-9-10-01"
"543",0.215615253064569,0.146910197026761,"S16:S17",3,"nonmatch","S-10-9-10-01"
"544",0.592275778584535,0.068390262829966,"S16:S17",4,"nonmatch","S-10-9-10-01"
"545",0.278414285252207,0.149774266935202,"S16:S17",5,"nonmatch","S-10-9-10-01"
"546",0.27408067105547,0.134582855077858,"S16:S17",6,"nonmatch","S-10-9-10-01"
"547",0.199922753176648,0.20575509952563,"S16:S17",7,"nonmatch","S-10-9-10-01"
"548",0.573340177601123,0.334897045002041,"S16:S17",8,"nonmatch","S-10-9-10-01"
"549",0.800816760849569,0.277018764729873,"S16:S17",9,"nonmatch","S-10-9-10-01"
"550",0.488093167205086,0.282488890901308,"S16:S18",1,"nonmatch","S-10-9-10-01"
"551",0.423554362164456,0.292873369568542,"S16:S18",2,"nonmatch","S-10-9-10-01"
"552",0.317618064247815,0.297379248380216,"S16:S18",3,"nonmatch","S-10-9-10-01"
"553",0.29789120125246,0.15868209190492,"S16:S18",4,"nonmatch","S-10-9-10-01"
"554",0.348154372553696,0.223559387755304,"S16:S18",5,"nonmatch","S-10-9-10-01"
"555",0.315704945456218,0.324144353984214,"S16:S18",6,"nonmatch","S-10-9-10-01"
"556",0.252123425095722,0.341940363475067,"S16:S18",7,"nonmatch","S-10-9-10-01"
"557",0.494391826314761,0.347752957496406,"S16:S18",8,"nonmatch","S-10-9-10-01"
"558",0.495212014847995,0.220988470386012,"S16:S18",9,"nonmatch","S-10-9-10-01"
"559",0.238970452113594,0.385011383393762,"S16:S19",1,"nonmatch","S-10-9-10-01"
"560",0.322686927591107,0.256917298634138,"S16:S19",2,"nonmatch","S-10-9-10-01"
"561",0.259474350035026,0.184416170094703,"S16:S19",3,"nonmatch","S-10-9-10-01"
"562",0.151290151716041,0.212035410557623,"S16:S19",4,"nonmatch","S-10-9-10-01"
"563",0.404693071894043,0.168124488538346,"S16:S19",5,"nonmatch","S-10-9-10-01"
"564",0.437622024813105,0.208091866681088,"S16:S19",6,"nonmatch","S-10-9-10-01"
"565",0.350663186006715,0.204959975612864,"S16:S19",7,"nonmatch","S-10-9-10-01"
"566",0.540953052742401,0.330591001085996,"S16:S19",8,"nonmatch","S-10-9-10-01"
"567",0.568809985534192,0.198837321917547,"S16:S19",9,"nonmatch","S-10-9-10-01"
"568",0.264502330866313,0.19450061511418,"S16:S20",1,"nonmatch","S-10-9-10-01"
"569",0.197726104342827,0.116378735541918,"S16:S20",2,"nonmatch","S-10-9-10-01"
"570",0.256142520705464,0.140142662891491,"S16:S20",3,"nonmatch","S-10-9-10-01"
"571",0.192842013040396,-0.014720042234222,"S16:S20",4,"nonmatch","S-10-9-10-01"
"572",0.061566689471491,0.07124595122378,"S16:S20",5,"nonmatch","S-10-9-10-01"
"573",0.345715703667597,0.018380630027499,"S16:S20",6,"nonmatch","S-10-9-10-01"
"574",0.114836484704408,0.181086249987961,"S16:S20",7,"nonmatch","S-10-9-10-01"
"575",0.500098673609289,0.328588764193773,"S16:S20",8,"nonmatch","S-10-9-10-01"
"576",0.026008185892255,0.281311261499799,"S16:S20",9,"nonmatch","S-10-9-10-01"
"577",0.399550308181908,0.4229507920099,"S17:S11",1,"nonmatch","S-10-9-10-01"
"578",0.014087813541784,0.284185434148314,"S17:S11",2,"nonmatch","S-10-9-10-01"
"579",0.015794040340527,0.304132877935599,"S17:S11",3,"nonmatch","S-10-9-10-01"
"580",0.464390619337698,0.503354638144073,"S17:S11",4,"nonmatch","S-10-9-10-01"
"581",-0.076309616600286,0.428471394032756,"S17:S11",5,"nonmatch","S-10-9-10-01"
"582",0.301901888195287,0.281306364047064,"S17:S11",6,"nonmatch","S-10-9-10-01"
"583",0.488274754744301,0.203125694736949,"S17:S11",7,"nonmatch","S-10-9-10-01"
"584",0.597252070972515,0.237920181212974,"S17:S11",8,"nonmatch","S-10-9-10-01"
"585",0.587368390840209,0.325715724226235,"S17:S11",9,"nonmatch","S-10-9-10-01"
"586",0.277767380719386,0.355465748905968,"S17:S12",1,"nonmatch","S-10-9-10-01"
"587",0.157983677907729,0.295474080826028,"S17:S12",2,"nonmatch","S-10-9-10-01"
"588",0.138641786429294,0.274925360602291,"S17:S12",3,"nonmatch","S-10-9-10-01"
"589",0.339680718401906,0.433479933086469,"S17:S12",4,"nonmatch","S-10-9-10-01"
"590",0.423534493974078,0.224773821975992,"S17:S12",5,"nonmatch","S-10-9-10-01"
"591",0.145876580421958,0.054628079544833,"S17:S12",6,"nonmatch","S-10-9-10-01"
"592",0.277649860221052,0.105762503395826,"S17:S12",7,"nonmatch","S-10-9-10-01"
"593",0.181913500215495,0.159045313266968,"S17:S12",8,"nonmatch","S-10-9-10-01"
"594",0.25109256633033,0.215039833346821,"S17:S12",9,"nonmatch","S-10-9-10-01"
"595",0.353069446849862,0.251184189800499,"S17:S13",1,"nonmatch","S-10-9-10-01"
"596",0.414235874755021,0.306201260526186,"S17:S13",2,"nonmatch","S-10-9-10-01"
"597",0.22353994459146,0.426724270567033,"S17:S13",3,"nonmatch","S-10-9-10-01"
"598",0.291126120688787,0.411848864667905,"S17:S13",4,"nonmatch","S-10-9-10-01"
"599",0.415359071796826,0.298375665919996,"S17:S13",5,"nonmatch","S-10-9-10-01"
"600",0.601538798443432,0.288071575037692,"S17:S13",6,"nonmatch","S-10-9-10-01"
"601",0.448044381393424,0.318956475672814,"S17:S13",7,"nonmatch","S-10-9-10-01"
"602",0.274302488397808,0.235549494720074,"S17:S13",8,"nonmatch","S-10-9-10-01"
"603",0.248365160199605,0.368907298144903,"S17:S13",9,"nonmatch","S-10-9-10-01"
"604",0.399261955436649,0.296860307010461,"S17:S14",1,"nonmatch","S-10-9-10-01"
"605",0.602393922354543,0.374349254088376,"S17:S14",2,"nonmatch","S-10-9-10-01"
"606",0.286028962483866,0.378245510831513,"S17:S14",3,"nonmatch","S-10-9-10-01"
"607",0.196203369446714,0.245288521632611,"S17:S14",4,"nonmatch","S-10-9-10-01"
"608",0.198971865125148,0.238144353250628,"S17:S14",5,"nonmatch","S-10-9-10-01"
"609",0.245028130334326,0.178027100419082,"S17:S14",6,"nonmatch","S-10-9-10-01"
"610",0.237543393619008,0.359368514271299,"S17:S14",7,"nonmatch","S-10-9-10-01"
"611",0.335518264252636,0.349403692695186,"S17:S14",8,"nonmatch","S-10-9-10-01"
"612",0.347899705700256,0.379315914332937,"S17:S14",9,"nonmatch","S-10-9-10-01"
"613",0.290608856574937,0.130912817100886,"S17:S15",1,"nonmatch","S-10-9-10-01"
"614",0.529366077099328,0.276246194522704,"S17:S15",2,"nonmatch","S-10-9-10-01"
"615",0.073134359591196,0.290913270446046,"S17:S15",3,"nonmatch","S-10-9-10-01"
"616",0.125276537956804,0.344983918992761,"S17:S15",4,"nonmatch","S-10-9-10-01"
"617",0.005550469089924,0.283779314142868,"S17:S15",5,"nonmatch","S-10-9-10-01"
"618",-0.009714336181479,0.245061084467172,"S17:S15",6,"nonmatch","S-10-9-10-01"
"619",0.159496478953633,0.344014323614251,"S17:S15",7,"nonmatch","S-10-9-10-01"
"620",0.650844990867734,0.278044726342585,"S17:S15",8,"nonmatch","S-10-9-10-01"
"621",0.405889405482543,0.265335717422991,"S17:S15",9,"nonmatch","S-10-9-10-01"
"622",0.450075558221584,0.40827188868098,"S17:S16",1,"nonmatch","S-10-9-10-01"
"623",0.20874752505901,0.30203782034926,"S17:S16",2,"nonmatch","S-10-9-10-01"
"624",0.242119677974993,0.07574695212024,"S17:S16",3,"nonmatch","S-10-9-10-01"
"625",0.607839448851777,0.057369639123506,"S17:S16",4,"nonmatch","S-10-9-10-01"
"626",0.384079567315232,0.149345036945967,"S17:S16",5,"nonmatch","S-10-9-10-01"
"627",0.208705921592895,0.170650156746821,"S17:S16",6,"nonmatch","S-10-9-10-01"
"628",0.293048234095415,0.16600416168379,"S17:S16",7,"nonmatch","S-10-9-10-01"
"629",0.511179660338772,0.253001015196502,"S17:S16",8,"nonmatch","S-10-9-10-01"
"630",0.718483203260576,0.283749222122202,"S17:S16",9,"nonmatch","S-10-9-10-01"
"631",0.274269492387221,0.172780994129969,"S17:S18",1,"nonmatch","S-10-9-10-01"
"632",0.208097199030003,0.263113170750228,"S17:S18",2,"nonmatch","S-10-9-10-01"
"633",0.000452106018186,0.300078036205288,"S17:S18",3,"nonmatch","S-10-9-10-01"
"634",0.277548840105543,0.213248588361039,"S17:S18",4,"nonmatch","S-10-9-10-01"
"635",0.506383628162319,0.231610427845547,"S17:S18",5,"nonmatch","S-10-9-10-01"
"636",0.559759166547767,0.296853908480072,"S17:S18",6,"nonmatch","S-10-9-10-01"
"637",0.551176746017151,0.249620093444691,"S17:S18",7,"nonmatch","S-10-9-10-01"
"638",0.679720219496901,0.396749547848291,"S17:S18",8,"nonmatch","S-10-9-10-01"
"639",0.669491437673431,0.373108541118592,"S17:S18",9,"nonmatch","S-10-9-10-01"
"640",0.122814513685171,0.365697748520594,"S17:S19",1,"nonmatch","S-10-9-10-01"
"641",0.076395759967007,0.352491441064152,"S17:S19",2,"nonmatch","S-10-9-10-01"
"642",-0.024746455278584,0.281917081255704,"S17:S19",3,"nonmatch","S-10-9-10-01"
"643",0.01091517598516,0.250125485561701,"S17:S19",4,"nonmatch","S-10-9-10-01"
"644",0.383761387137017,0.286716359010738,"S17:S19",5,"nonmatch","S-10-9-10-01"
"645",0.395752432634483,0.315853409841714,"S17:S19",6,"nonmatch","S-10-9-10-01"
"646",0.564229738736512,0.244218147824484,"S17:S19",7,"nonmatch","S-10-9-10-01"
"647",0.563754106664641,0.19071086604739,"S17:S19",8,"nonmatch","S-10-9-10-01"
"648",0.600091723560374,0.260695098779155,"S17:S19",9,"nonmatch","S-10-9-10-01"
"649",0.427487309100286,0.211177504169613,"S17:S20",1,"nonmatch","S-10-9-10-01"
"650",0.192715274600284,0.275130480314189,"S17:S20",2,"nonmatch","S-10-9-10-01"
"651",0.052723635625423,0.374831673035159,"S17:S20",3,"nonmatch","S-10-9-10-01"
"652",0.194318928116403,0.357087996903223,"S17:S20",4,"nonmatch","S-10-9-10-01"
"653",0.335025073894262,0.403317244840389,"S17:S20",5,"nonmatch","S-10-9-10-01"
"654",0.208181199262956,0.220742295966714,"S17:S20",6,"nonmatch","S-10-9-10-01"
"655",0.232325613235022,0.277458034674578,"S17:S20",7,"nonmatch","S-10-9-10-01"
"656",0.508548892759746,0.405684416845918,"S17:S20",8,"nonmatch","S-10-9-10-01"
"657",0.193138917439587,0.471377983417861,"S17:S20",9,"nonmatch","S-10-9-10-01"
"658",0.453094197806842,0.308515398762391,"S18:S11",1,"nonmatch","S-10-9-10-01"
"659",-0.228784279260144,0.238367665453138,"S18:S11",2,"nonmatch","S-10-9-10-01"
"660",0.099351790060348,0.365473895706424,"S18:S11",3,"nonmatch","S-10-9-10-01"
"661",0.154435036713347,0.375501323219592,"S18:S11",4,"nonmatch","S-10-9-10-01"
"662",0.008977836605643,0.483672857811885,"S18:S11",5,"nonmatch","S-10-9-10-01"
"663",0.039461228521115,0.344901980045883,"S18:S11",6,"nonmatch","S-10-9-10-01"
"664",0.435432749176698,0.322995794481404,"S18:S11",7,"nonmatch","S-10-9-10-01"
"665",0.46870907784404,0.359336686381921,"S18:S11",8,"nonmatch","S-10-9-10-01"
"666",0.574775411929251,0.235440125009284,"S18:S11",9,"nonmatch","S-10-9-10-01"
"667",0.276580860281115,0.407153362991813,"S18:S12",1,"nonmatch","S-10-9-10-01"
"668",0.480059878691987,0.370285425607019,"S18:S12",2,"nonmatch","S-10-9-10-01"
"669",0.327456830516693,0.363250866561068,"S18:S12",3,"nonmatch","S-10-9-10-01"
"670",0.351775656032529,0.322425105621734,"S18:S12",4,"nonmatch","S-10-9-10-01"
"671",0.254119422628324,0.273469739768664,"S18:S12",5,"nonmatch","S-10-9-10-01"
"672",0.087658347829664,0.367991820032794,"S18:S12",6,"nonmatch","S-10-9-10-01"
"673",0.533910947985155,0.210100203599714,"S18:S12",7,"nonmatch","S-10-9-10-01"
"674",0.497988655576665,0.199291576040513,"S18:S12",8,"nonmatch","S-10-9-10-01"
"675",0.039992689436007,0.207111692797204,"S18:S12",9,"nonmatch","S-10-9-10-01"
"676",0.511764566015155,0.390616848771545,"S18:S13",1,"nonmatch","S-10-9-10-01"
"677",0.367277703063097,0.376604247135456,"S18:S13",2,"nonmatch","S-10-9-10-01"
"678",0.311592780982359,0.235336434278388,"S18:S13",3,"nonmatch","S-10-9-10-01"
"679",0.169610290071163,0.272933196858857,"S18:S13",4,"nonmatch","S-10-9-10-01"
"680",0.28945665483015,0.408184964536255,"S18:S13",5,"nonmatch","S-10-9-10-01"
"681",0.405676848458294,0.421880885514399,"S18:S13",6,"nonmatch","S-10-9-10-01"
"682",0.345568054428105,0.319605962349347,"S18:S13",7,"nonmatch","S-10-9-10-01"
"683",0.248361290516173,0.296629672972404,"S18:S13",8,"nonmatch","S-10-9-10-01"
"684",0.091308458922054,0.274424718880976,"S18:S13",9,"nonmatch","S-10-9-10-01"
"685",0.014890514532389,0.244030999398036,"S18:S14",1,"nonmatch","S-10-9-10-01"
"686",0.290169092059358,0.307344998681404,"S18:S14",2,"nonmatch","S-10-9-10-01"
"687",0.10033932514198,0.255410206960132,"S18:S14",3,"nonmatch","S-10-9-10-01"
"688",0.431729988775433,0.21673458694951,"S18:S14",4,"nonmatch","S-10-9-10-01"
"689",0.145701556284688,0.412426099768906,"S18:S14",5,"nonmatch","S-10-9-10-01"
"690",0.281620625393772,0.277567421927309,"S18:S14",6,"nonmatch","S-10-9-10-01"
"691",0.348115491398864,0.332673143424119,"S18:S14",7,"nonmatch","S-10-9-10-01"
"692",0.11978850044281,0.397239588566981,"S18:S14",8,"nonmatch","S-10-9-10-01"
"693",0.272674139895344,0.321749629213828,"S18:S14",9,"nonmatch","S-10-9-10-01"
"694",0.014963456960345,0.145777695224454,"S18:S15",1,"nonmatch","S-10-9-10-01"
"695",0.211266007503468,0.207539150375692,"S18:S15",2,"nonmatch","S-10-9-10-01"
"696",0.212383682129621,0.321745474188884,"S18:S15",3,"nonmatch","S-10-9-10-01"
"697",-0.087155089754701,0.285541543928621,"S18:S15",4,"nonmatch","S-10-9-10-01"
"698",-0.042133765939218,0.300007910651659,"S18:S15",5,"nonmatch","S-10-9-10-01"
"699",0.031082358803451,0.315410347303357,"S18:S15",6,"nonmatch","S-10-9-10-01"
"700",0.096374623613775,0.321281812138938,"S18:S15",7,"nonmatch","S-10-9-10-01"
"701",0.240861150182098,0.412866287091728,"S18:S15",8,"nonmatch","S-10-9-10-01"
"702",0.252762443161589,0.18854497052814,"S18:S15",9,"nonmatch","S-10-9-10-01"
"703",0.559462711903767,0.332033396317708,"S18:S16",1,"nonmatch","S-10-9-10-01"
"704",0.519560328242767,0.20698812599138,"S18:S16",2,"nonmatch","S-10-9-10-01"
"705",0.512176302003896,0.293243037376237,"S18:S16",3,"nonmatch","S-10-9-10-01"
"706",0.263665435434735,0.19598377102038,"S18:S16",4,"nonmatch","S-10-9-10-01"
"707",0.343072850484318,0.309051842545271,"S18:S16",5,"nonmatch","S-10-9-10-01"
"708",0.265127079357296,0.3884337705851,"S18:S16",6,"nonmatch","S-10-9-10-01"
"709",0.268584972967242,0.365659764135378,"S18:S16",7,"nonmatch","S-10-9-10-01"
"710",0.430724438807227,0.33942325772535,"S18:S16",8,"nonmatch","S-10-9-10-01"
"711",0.492144266934871,0.215139486867181,"S18:S16",9,"nonmatch","S-10-9-10-01"
"712",0.282774486259193,0.33434485257446,"S18:S17",1,"nonmatch","S-10-9-10-01"
"713",0.284658083178204,0.363685677843389,"S18:S17",2,"nonmatch","S-10-9-10-01"
"714",0.070445439824138,0.254287722415241,"S18:S17",3,"nonmatch","S-10-9-10-01"
"715",0.273973532836324,0.229674761810403,"S18:S17",4,"nonmatch","S-10-9-10-01"
"716",0.369131900482475,0.327600652001044,"S18:S17",5,"nonmatch","S-10-9-10-01"
"717",0.491370924629484,0.332615364427389,"S18:S17",6,"nonmatch","S-10-9-10-01"
"718",0.523401034459091,0.277534748345557,"S18:S17",7,"nonmatch","S-10-9-10-01"
"719",0.587154929694177,0.435068934260937,"S18:S17",8,"nonmatch","S-10-9-10-01"
"720",0.635926666735292,0.435613532843798,"S18:S17",9,"nonmatch","S-10-9-10-01"
"721",0.415283582062406,0.333018739230678,"S18:S19",1,"nonmatch","S-10-9-10-01"
"722",0.265252986901682,0.320952673935294,"S18:S19",2,"nonmatch","S-10-9-10-01"
"723",0.317767156025977,0.193581912214205,"S18:S19",3,"nonmatch","S-10-9-10-01"
"724",0.249283280405248,0.354235214199374,"S18:S19",4,"nonmatch","S-10-9-10-01"
"725",0.361166354535249,0.371648522845985,"S18:S19",5,"nonmatch","S-10-9-10-01"
"726",0.18927440698947,0.285293409446556,"S18:S19",6,"nonmatch","S-10-9-10-01"
"727",0.566928450689892,0.366527463508753,"S18:S19",7,"nonmatch","S-10-9-10-01"
"728",0.483288144587478,0.370582367615638,"S18:S19",8,"nonmatch","S-10-9-10-01"
"729",0.42521775250854,0.26079338780019,"S18:S19",9,"nonmatch","S-10-9-10-01"
"730",0.190389011442936,0.284187271321885,"S18:S20",1,"nonmatch","S-10-9-10-01"
"731",-0.033380571924383,0.389195194518284,"S18:S20",2,"nonmatch","S-10-9-10-01"
"732",0.360980620574073,0.407041276934733,"S18:S20",3,"nonmatch","S-10-9-10-01"
"733",0.173802633823097,0.240209427859549,"S18:S20",4,"nonmatch","S-10-9-10-01"
"734",0.273070221764529,0.13008548521175,"S18:S20",5,"nonmatch","S-10-9-10-01"
"735",-0.011639562314501,0.324593111313562,"S18:S20",6,"nonmatch","S-10-9-10-01"
"736",0.240426735330004,0.37802291738233,"S18:S20",7,"nonmatch","S-10-9-10-01"
"737",0.324580596804008,0.386071764213522,"S18:S20",8,"nonmatch","S-10-9-10-01"
"738",0.247728399877239,0.387022534950349,"S18:S20",9,"nonmatch","S-10-9-10-01"
"739",0.377438274408011,0.352145203258757,"S19:S11",1,"nonmatch","S-10-9-10-01"
"740",-0.156591841190391,0.396624546172116,"S19:S11",2,"nonmatch","S-10-9-10-01"
"741",-0.035209111583402,0.250208949012434,"S19:S11",3,"nonmatch","S-10-9-10-01"
"742",-0.045483973850335,0.332757287647592,"S19:S11",4,"nonmatch","S-10-9-10-01"
"743",-0.056369828518853,0.470848145106331,"S19:S11",5,"nonmatch","S-10-9-10-01"
"744",0.262674959351256,0.32294002338663,"S19:S11",6,"nonmatch","S-10-9-10-01"
"745",0.632266400529682,0.350885795978616,"S19:S11",7,"nonmatch","S-10-9-10-01"
"746",0.62733305776718,0.406482113328901,"S19:S11",8,"nonmatch","S-10-9-10-01"
"747",0.713620023963227,0.328486653639277,"S19:S11",9,"nonmatch","S-10-9-10-01"
"748",0.435747955766264,0.263125084752226,"S19:S12",1,"nonmatch","S-10-9-10-01"
"749",-0.029925916031617,0.16975777757801,"S19:S12",2,"nonmatch","S-10-9-10-01"
"750",0.608859387090325,0.210488095173518,"S19:S12",3,"nonmatch","S-10-9-10-01"
"751",0.380141218045523,0.271181757285778,"S19:S12",4,"nonmatch","S-10-9-10-01"
"752",0.278207512703414,0.381872288910713,"S19:S12",5,"nonmatch","S-10-9-10-01"
"753",0.426325994081118,0.337494130235805,"S19:S12",6,"nonmatch","S-10-9-10-01"
"754",0.365778581323389,0.390981856557191,"S19:S12",7,"nonmatch","S-10-9-10-01"
"755",0.416199271484112,0.183427556980656,"S19:S12",8,"nonmatch","S-10-9-10-01"
"756",0.252248192589767,0.309125720378797,"S19:S12",9,"nonmatch","S-10-9-10-01"
"757",0.218325660970343,0.165277873664002,"S19:S13",1,"nonmatch","S-10-9-10-01"
"758",0.27990587724716,0.298239143084109,"S19:S13",2,"nonmatch","S-10-9-10-01"
"759",0.231096690745185,0.308543530427163,"S19:S13",3,"nonmatch","S-10-9-10-01"
"760",-0.161520970288266,0.331482537977817,"S19:S13",4,"nonmatch","S-10-9-10-01"
"761",-0.068981201174426,0.328996065293435,"S19:S13",5,"nonmatch","S-10-9-10-01"
"762",0.401413915618143,0.353953495910475,"S19:S13",6,"nonmatch","S-10-9-10-01"
"763",0.390705858295084,0.273115282762451,"S19:S13",7,"nonmatch","S-10-9-10-01"
"764",0.519589967921054,0.390843887871122,"S19:S13",8,"nonmatch","S-10-9-10-01"
"765",0.337997292506041,0.368190737813225,"S19:S13",9,"nonmatch","S-10-9-10-01"
"766",-0.027046585109721,0.223625869083866,"S19:S14",1,"nonmatch","S-10-9-10-01"
"767",0.12875407849245,0.193282238781603,"S19:S14",2,"nonmatch","S-10-9-10-01"
"768",0.230852443610009,0.321544717464049,"S19:S14",3,"nonmatch","S-10-9-10-01"
"769",0.509487524855336,0.405617392622998,"S19:S14",4,"nonmatch","S-10-9-10-01"
"770",0.180888566240298,0.362582117259546,"S19:S14",5,"nonmatch","S-10-9-10-01"
"771",0.394251640287242,0.335368870620093,"S19:S14",6,"nonmatch","S-10-9-10-01"
"772",0.501937554742437,0.200717943667947,"S19:S14",7,"nonmatch","S-10-9-10-01"
"773",0.661309066370196,0.454468275806177,"S19:S14",8,"nonmatch","S-10-9-10-01"
"774",0.524665971992368,0.44728445995082,"S19:S14",9,"nonmatch","S-10-9-10-01"
"775",-0.195477643287275,0.238448571519422,"S19:S15",1,"nonmatch","S-10-9-10-01"
"776",-0.271751303139176,0.120869887785693,"S19:S15",2,"nonmatch","S-10-9-10-01"
"777",-0.113392553304949,0.205114670204711,"S19:S15",3,"nonmatch","S-10-9-10-01"
"778",0.326274512007352,0.250638253090668,"S19:S15",4,"nonmatch","S-10-9-10-01"
"779",-0.065522770202697,0.280460310100369,"S19:S15",5,"nonmatch","S-10-9-10-01"
"780",0.197145078348441,0.34404585282872,"S19:S15",6,"nonmatch","S-10-9-10-01"
"781",0.41032480126228,0.235630707266487,"S19:S15",7,"nonmatch","S-10-9-10-01"
"782",0.526638110498438,0.277231981662932,"S19:S15",8,"nonmatch","S-10-9-10-01"
"783",0.396870145476019,0.204607655471235,"S19:S15",9,"nonmatch","S-10-9-10-01"
"784",0.118310749022561,0.375713298720688,"S19:S16",1,"nonmatch","S-10-9-10-01"
"785",0.308307994206757,0.262200571258863,"S19:S16",2,"nonmatch","S-10-9-10-01"
"786",0.422093046343473,0.156199800503771,"S19:S16",3,"nonmatch","S-10-9-10-01"
"787",0.160070695103241,0.243822183287585,"S19:S16",4,"nonmatch","S-10-9-10-01"
"788",0.451277209658802,0.203550944498868,"S19:S16",5,"nonmatch","S-10-9-10-01"
"789",0.453542041958649,0.316312879049468,"S19:S16",6,"nonmatch","S-10-9-10-01"
"790",0.457940832066865,0.229189179074666,"S19:S16",7,"nonmatch","S-10-9-10-01"
"791",0.528300768569787,0.374515639891946,"S19:S16",8,"nonmatch","S-10-9-10-01"
"792",0.656339280535786,0.125605349520991,"S19:S16",9,"nonmatch","S-10-9-10-01"
"793",0.164339874769919,0.309556026137025,"S19:S17",1,"nonmatch","S-10-9-10-01"
"794",0.023980935152192,0.347563833695715,"S19:S17",2,"nonmatch","S-10-9-10-01"
"795",-3.52014470349497E-05,0.291350200660757,"S19:S17",3,"nonmatch","S-10-9-10-01"
"796",-0.069284172153854,0.300652229620779,"S19:S17",4,"nonmatch","S-10-9-10-01"
"797",0.404602089961495,0.318322086293679,"S19:S17",5,"nonmatch","S-10-9-10-01"
"798",0.347055831380811,0.309360505295254,"S19:S17",6,"nonmatch","S-10-9-10-01"
"799",0.56170122740771,0.22071251439888,"S19:S17",7,"nonmatch","S-10-9-10-01"
"800",0.587060141845824,0.244541051368929,"S19:S17",8,"nonmatch","S-10-9-10-01"
"801",0.625236642317111,0.33527203368888,"S19:S17",9,"nonmatch","S-10-9-10-01"
"802",0.407937311527502,0.158970595662019,"S19:S18",1,"nonmatch","S-10-9-10-01"
"803",0.152383320672969,0.323101872858061,"S19:S18",2,"nonmatch","S-10-9-10-01"
"804",0.261160081134792,0.231014081012988,"S19:S18",3,"nonmatch","S-10-9-10-01"
"805",0.101022112441749,0.45930771552294,"S19:S18",4,"nonmatch","S-10-9-10-01"
"806",0.55993996157406,0.25153378457639,"S19:S18",5,"nonmatch","S-10-9-10-01"
"807",0.35215645051321,0.371735509741392,"S19:S18",6,"nonmatch","S-10-9-10-01"
"808",0.605761868758488,0.33671375310608,"S19:S18",7,"nonmatch","S-10-9-10-01"
"809",0.516976047892125,0.291291133360527,"S19:S18",8,"nonmatch","S-10-9-10-01"
"810",0.456759523229044,0.309616031535051,"S19:S18",9,"nonmatch","S-10-9-10-01"
"811",0.355395268141773,0.27904470959582,"S19:S20",1,"nonmatch","S-10-9-10-01"
"812",0.163638278499902,0.235848387668752,"S19:S20",2,"nonmatch","S-10-9-10-01"
"813",0.189852233036332,0.175052215430514,"S19:S20",3,"nonmatch","S-10-9-10-01"
"814",0.114754521913442,0.266628113500439,"S19:S20",4,"nonmatch","S-10-9-10-01"
"815",0.568142998978959,0.409673007781036,"S19:S20",5,"nonmatch","S-10-9-10-01"
"816",0.478277814350458,0.36868765276173,"S19:S20",6,"nonmatch","S-10-9-10-01"
"817",0.350832757351043,0.419440859779852,"S19:S20",7,"nonmatch","S-10-9-10-01"
"818",0.370260506459119,0.394451434322522,"S19:S20",8,"nonmatch","S-10-9-10-01"
"819",0.153285702812417,0.329984525521326,"S19:S20",9,"nonmatch","S-10-9-10-01"
"820",0.465886956738011,0.362646501110078,"S20:S11",1,"nonmatch","S-10-9-10-01"
"821",0.262650250035085,0.325237019694052,"S20:S11",2,"nonmatch","S-10-9-10-01"
"822",0.34613505947374,0.174002846388424,"S20:S11",3,"nonmatch","S-10-9-10-01"
"823",0.035163068657151,0.371831147211045,"S20:S11",4,"nonmatch","S-10-9-10-01"
"824",-0.084957646071704,0.419636144140008,"S20:S11",5,"nonmatch","S-10-9-10-01"
"825",0.522306671984937,0.364020688651653,"S20:S11",6,"nonmatch","S-10-9-10-01"
"826",0.408007480314215,0.377129544831134,"S20:S11",7,"nonmatch","S-10-9-10-01"
"827",0.300420343050487,0.282952290963099,"S20:S11",8,"nonmatch","S-10-9-10-01"
"828",0.207133139979618,0.353336127872558,"S20:S11",9,"nonmatch","S-10-9-10-01"
"829",0.47913026020951,0.238907371020419,"S20:S12",1,"nonmatch","S-10-9-10-01"
"830",0.166709512880016,0.353364773348132,"S20:S12",2,"nonmatch","S-10-9-10-01"
"831",0.082732091530019,0.325096847376208,"S20:S12",3,"nonmatch","S-10-9-10-01"
"832",0.270745583922595,0.393127249772066,"S20:S12",4,"nonmatch","S-10-9-10-01"
"833",0.026784683491076,0.2233532854638,"S20:S12",5,"nonmatch","S-10-9-10-01"
"834",0.475171689486942,0.219040424911905,"S20:S12",6,"nonmatch","S-10-9-10-01"
"835",0.393445270744927,0.235822080104389,"S20:S12",7,"nonmatch","S-10-9-10-01"
"836",0.360395290758583,0.207260596966628,"S20:S12",8,"nonmatch","S-10-9-10-01"
"837",-0.065725779411776,0.341447774978004,"S20:S12",9,"nonmatch","S-10-9-10-01"
"838",0.342760261339324,0.211250336612218,"S20:S13",1,"nonmatch","S-10-9-10-01"
"839",-0.036287105730541,0.33211626304598,"S20:S13",2,"nonmatch","S-10-9-10-01"
"840",0.17615948297886,0.303971377805466,"S20:S13",3,"nonmatch","S-10-9-10-01"
"841",0.335198907774787,0.3420556230712,"S20:S13",4,"nonmatch","S-10-9-10-01"
"842",-0.127811152252031,0.383336850581215,"S20:S13",5,"nonmatch","S-10-9-10-01"
"843",0.227151379467015,0.492223164326918,"S20:S13",6,"nonmatch","S-10-9-10-01"
"844",0.21163072356432,0.398894267741327,"S20:S13",7,"nonmatch","S-10-9-10-01"
"845",0.258008074503122,0.174400633590318,"S20:S13",8,"nonmatch","S-10-9-10-01"
"846",-0.055492713307188,0.29903789894067,"S20:S13",9,"nonmatch","S-10-9-10-01"
"847",0.176887342542089,0.146354138953474,"S20:S14",1,"nonmatch","S-10-9-10-01"
"848",-0.023508807264362,0.133876443608881,"S20:S14",2,"nonmatch","S-10-9-10-01"
"849",0.094371963972385,0.246758855777691,"S20:S14",3,"nonmatch","S-10-9-10-01"
"850",0.193963220949721,0.277645305150314,"S20:S14",4,"nonmatch","S-10-9-10-01"
"851",-0.095830792333958,0.168140774705694,"S20:S14",5,"nonmatch","S-10-9-10-01"
"852",0.404552688444369,0.381036171776921,"S20:S14",6,"nonmatch","S-10-9-10-01"
"853",0.436191341289717,0.309202052258436,"S20:S14",7,"nonmatch","S-10-9-10-01"
"854",0.278876568129313,0.344381576743837,"S20:S14",8,"nonmatch","S-10-9-10-01"
"855",0.134155328585041,0.419289677078857,"S20:S14",9,"nonmatch","S-10-9-10-01"
"856",0.318162780781722,0.205151244931349,"S20:S15",1,"nonmatch","S-10-9-10-01"
"857",0.050159677579202,0.197340328390775,"S20:S15",2,"nonmatch","S-10-9-10-01"
"858",0.266130710387592,0.332657586420566,"S20:S15",3,"nonmatch","S-10-9-10-01"
"859",0.104072233076491,0.312992310341112,"S20:S15",4,"nonmatch","S-10-9-10-01"
"860",0.057356553147448,0.329743622232785,"S20:S15",5,"nonmatch","S-10-9-10-01"
"861",0.303231252396353,0.379840232957309,"S20:S15",6,"nonmatch","S-10-9-10-01"
"862",0.353941528479152,0.330078827149637,"S20:S15",7,"nonmatch","S-10-9-10-01"
"863",0.301999402825551,0.266754476230763,"S20:S15",8,"nonmatch","S-10-9-10-01"
"864",0.391146885127774,0.353684839923486,"S20:S15",9,"nonmatch","S-10-9-10-01"
"865",0.228794607647406,0.289976277838718,"S20:S16",1,"nonmatch","S-10-9-10-01"
"866",0.108973280520145,0.214696098962886,"S20:S16",2,"nonmatch","S-10-9-10-01"
"867",0.356381960371167,0.218090296145366,"S20:S16",3,"nonmatch","S-10-9-10-01"
"868",0.244222861188488,0.089600839105057,"S20:S16",4,"nonmatch","S-10-9-10-01"
"869",0.046641075734092,0.104395409413205,"S20:S16",5,"nonmatch","S-10-9-10-01"
"870",0.48165956213878,0.103097075842168,"S20:S16",6,"nonmatch","S-10-9-10-01"
"871",0.189285974344547,0.089603211962625,"S20:S16",7,"nonmatch","S-10-9-10-01"
"872",0.42256890539113,0.231632249185181,"S20:S16",8,"nonmatch","S-10-9-10-01"
"873",-0.074758007410422,0.259592900536086,"S20:S16",9,"nonmatch","S-10-9-10-01"
"874",0.561617036826527,0.237857397849019,"S20:S17",1,"nonmatch","S-10-9-10-01"
"875",0.218328569526257,0.323554521417982,"S20:S17",2,"nonmatch","S-10-9-10-01"
"876",0.119189744845416,0.281246195748728,"S20:S17",3,"nonmatch","S-10-9-10-01"
"877",0.147263534616408,0.326990827165027,"S20:S17",4,"nonmatch","S-10-9-10-01"
"878",0.195327099952242,0.325292908553144,"S20:S17",5,"nonmatch","S-10-9-10-01"
"879",0.054448436611882,0.156980013426844,"S20:S17",6,"nonmatch","S-10-9-10-01"
"880",0.224052725128921,0.331584321017026,"S20:S17",7,"nonmatch","S-10-9-10-01"
"881",0.481851400175499,0.381204935787093,"S20:S17",8,"nonmatch","S-10-9-10-01"
"882",0.16638390381426,0.496657244443143,"S20:S17",9,"nonmatch","S-10-9-10-01"
"883",0.270694862193354,0.170811473634755,"S20:S18",1,"nonmatch","S-10-9-10-01"
"884",-0.026967411787561,0.398230118172857,"S20:S18",2,"nonmatch","S-10-9-10-01"
"885",0.421484238992176,0.337968737633596,"S20:S18",3,"nonmatch","S-10-9-10-01"
"886",0.215788535657034,0.305331759689802,"S20:S18",4,"nonmatch","S-10-9-10-01"
"887",0.345518366501421,0.19308586281257,"S20:S18",5,"nonmatch","S-10-9-10-01"
"888",0.015079082398299,0.313832766919731,"S20:S18",6,"nonmatch","S-10-9-10-01"
"889",0.260018152652264,0.30416217429482,"S20:S18",7,"nonmatch","S-10-9-10-01"
"890",0.382245850666866,0.264902263256955,"S20:S18",8,"nonmatch","S-10-9-10-01"
"891",0.250494157297245,0.415233150853681,"S20:S18",9,"nonmatch","S-10-9-10-01"
"892",0.421497052910812,0.259727666591202,"S20:S19",1,"nonmatch","S-10-9-10-01"
"893",0.281453393790469,0.171154995408144,"S20:S19",2,"nonmatch","S-10-9-10-01"
"894",0.240509715739064,0.180091160395978,"S20:S19",3,"nonmatch","S-10-9-10-01"
"895",0.219109327574094,0.201810704438345,"S20:S19",4,"nonmatch","S-10-9-10-01"
"896",0.612946937543819,0.35111897438613,"S20:S19",5,"nonmatch","S-10-9-10-01"
"897",0.484911633037387,0.343695216124495,"S20:S19",6,"nonmatch","S-10-9-10-01"
"898",0.426212052949542,0.346482049505225,"S20:S19",7,"nonmatch","S-10-9-10-01"
"899",0.446660655350878,0.359385935961748,"S20:S19",8,"nonmatch","S-10-9-10-01"
"900",0.100497347918428,0.318431174631672,"S20:S19",9,"nonmatch","S-10-9-10-01"
