"matching","logodds","df","set"
"match",19.378348630032,3,"S-10-09-02-01"
"nonmatch",-13.360728126111,3,"S-10-09-02-01"
"nonmatch",-9.46590852538461,3,"S-10-09-02-01"
"nonmatch",-12.8588205128824,3,"S-10-09-02-01"
"nonmatch",-13.3394175175774,3,"S-10-09-02-01"
"nonmatch",-16.3128696358228,3,"S-10-09-02-01"
"nonmatch",-13.3280224310611,3,"S-10-09-02-01"
"nonmatch",-13.7055969953838,3,"S-10-09-02-01"
"nonmatch",-12.7752411058943,3,"S-10-09-02-01"
"nonmatch",-9.60852917895689,3,"S-10-09-02-01"
"nonmatch",-14.4610803445859,3,"S-10-09-02-01"
"nonmatch",-8.50004296919366,3,"S-10-09-02-01"
"nonmatch",-10.6671330721871,3,"S-10-09-02-01"
"nonmatch",-14.8315595995875,3,"S-10-09-02-01"
"nonmatch",-15.5582574132934,3,"S-10-09-02-01"
"nonmatch",-12.2465932043586,3,"S-10-09-02-01"
"nonmatch",-12.3401963791563,3,"S-10-09-02-01"
"nonmatch",-15.2608713988308,3,"S-10-09-02-01"
"nonmatch",-8.46256548359181,3,"S-10-09-02-01"
"match",15.7240425167248,3,"S-10-09-02-01"
"nonmatch",-13.1168903634032,3,"S-10-09-02-01"
"nonmatch",-14.209219921253,3,"S-10-09-02-01"
"nonmatch",-9.95213737453054,3,"S-10-09-02-01"
"nonmatch",-13.2314788303047,3,"S-10-09-02-01"
"nonmatch",-13.513888722178,3,"S-10-09-02-01"
"nonmatch",-14.3253803257948,3,"S-10-09-02-01"
"nonmatch",-13.7959453576146,3,"S-10-09-02-01"
"nonmatch",-10.2277137955476,3,"S-10-09-02-01"
"nonmatch",-12.36534114354,3,"S-10-09-02-01"
"nonmatch",-7.95730916185117,3,"S-10-09-02-01"
"nonmatch",-13.1670093239223,3,"S-10-09-02-01"
"nonmatch",-11.3897667397381,3,"S-10-09-02-01"
"nonmatch",-10.7950755887973,3,"S-10-09-02-01"
"nonmatch",-13.1899239888621,3,"S-10-09-02-01"
"nonmatch",-11.930104035118,3,"S-10-09-02-01"
"nonmatch",-16.0581051803007,3,"S-10-09-02-01"
"nonmatch",-10.8789933149351,3,"S-10-09-02-01"
"nonmatch",-7.4327212961232,3,"S-10-09-02-01"
"match",11.2959225437963,3,"S-10-09-02-01"
"nonmatch",-9.09642445429413,3,"S-10-09-02-01"
"nonmatch",-9.22539609697231,3,"S-10-09-02-01"
"nonmatch",-7.64893174733025,3,"S-10-09-02-01"
"nonmatch",-13.2761860713904,3,"S-10-09-02-01"
"nonmatch",-4.82077919730372,3,"S-10-09-02-01"
"nonmatch",-10.417408991584,3,"S-10-09-02-01"
"nonmatch",-18.8268746648601,3,"S-10-09-02-01"
"nonmatch",-8.8417887493109,3,"S-10-09-02-01"
"nonmatch",-10.3279731129601,3,"S-10-09-02-01"
"nonmatch",-4.10512477991501,3,"S-10-09-02-01"
"nonmatch",-8.9958459969055,3,"S-10-09-02-01"
"nonmatch",-8.23158168283503,3,"S-10-09-02-01"
"nonmatch",-15.4199595114512,3,"S-10-09-02-01"
"nonmatch",-12.6252138287014,3,"S-10-09-02-01"
"nonmatch",-10.0499381894467,3,"S-10-09-02-01"
"nonmatch",-8.58345223880796,3,"S-10-09-02-01"
"nonmatch",-5.38113370267961,3,"S-10-09-02-01"
"nonmatch",-12.135158927768,3,"S-10-09-02-01"
"match",14.814948957461,3,"S-10-09-02-01"
"nonmatch",-13.8194885440773,3,"S-10-09-02-01"
"nonmatch",-13.7451352375156,3,"S-10-09-02-01"
"nonmatch",-5.54648783332049,3,"S-10-09-02-01"
"nonmatch",-11.7167455316187,3,"S-10-09-02-01"
"nonmatch",-12.0897208464606,3,"S-10-09-02-01"
"nonmatch",-9.1024599308243,3,"S-10-09-02-01"
"nonmatch",-6.49985292454576,3,"S-10-09-02-01"
"nonmatch",-15.8208366809964,3,"S-10-09-02-01"
"nonmatch",-7.67754421678806,3,"S-10-09-02-01"
"nonmatch",-13.0619878192651,3,"S-10-09-02-01"
"nonmatch",-16.434567881699,3,"S-10-09-02-01"
"nonmatch",-10.0988275640049,3,"S-10-09-02-01"
"nonmatch",-4.75596437138691,3,"S-10-09-02-01"
"nonmatch",-13.3696550455929,3,"S-10-09-02-01"
"nonmatch",-10.2019493556266,3,"S-10-09-02-01"
"nonmatch",-5.29360153121139,3,"S-10-09-02-01"
"nonmatch",-14.2388975594871,3,"S-10-09-02-01"
"nonmatch",-9.38633982075138,3,"S-10-09-02-01"
"match",17.1782909531234,3,"S-10-09-02-01"
"nonmatch",-13.5314059806958,3,"S-10-09-02-01"
"nonmatch",-14.4581155483822,3,"S-10-09-02-01"
"nonmatch",-10.9198768871977,3,"S-10-09-02-01"
"nonmatch",-6.05543890595516,3,"S-10-09-02-01"
"nonmatch",-14.7405757268747,3,"S-10-09-02-01"
"nonmatch",-11.0804759262591,3,"S-10-09-02-01"
"nonmatch",-15.7594300037849,3,"S-10-09-02-01"
"nonmatch",-4.58870292028243,3,"S-10-09-02-01"
"nonmatch",-14.0677601068264,3,"S-10-09-02-01"
"nonmatch",-9.5414815499596,3,"S-10-09-02-01"
"nonmatch",-12.0847669491836,3,"S-10-09-02-01"
"nonmatch",-9.41349157270467,3,"S-10-09-02-01"
"nonmatch",-10.0452407130256,3,"S-10-09-02-01"
"nonmatch",-15.9958252559483,3,"S-10-09-02-01"
"nonmatch",-13.5541072892831,3,"S-10-09-02-01"
"nonmatch",-9.93235770916271,3,"S-10-09-02-01"
"nonmatch",-11.6027371051989,3,"S-10-09-02-01"
"nonmatch",-9.16894375054172,3,"S-10-09-02-01"
"match",20.5971455201356,3,"S-10-09-02-01"
"nonmatch",-16.2876275953105,3,"S-10-09-02-01"
"nonmatch",-14.4550310093885,3,"S-10-09-02-01"
"nonmatch",-18.448969170913,3,"S-10-09-02-01"
"nonmatch",-15.2243185714036,3,"S-10-09-02-01"
"nonmatch",-14.3400427190239,3,"S-10-09-02-01"
"nonmatch",-15.3743848251882,3,"S-10-09-02-01"
"nonmatch",-13.2459321485914,3,"S-10-09-02-01"
"nonmatch",-12.9388421964965,3,"S-10-09-02-01"
"nonmatch",-12.6957251023222,3,"S-10-09-02-01"
"nonmatch",-16.1710534420019,3,"S-10-09-02-01"
"nonmatch",-10.3477937287009,3,"S-10-09-02-01"
"nonmatch",-12.0706574802369,3,"S-10-09-02-01"
"nonmatch",-14.7359440623191,3,"S-10-09-02-01"
"nonmatch",-15.2010538273073,3,"S-10-09-02-01"
"nonmatch",-15.0160122899393,3,"S-10-09-02-01"
"nonmatch",-12.5459790453815,3,"S-10-09-02-01"
"nonmatch",-13.0967897723273,3,"S-10-09-02-01"
"nonmatch",-11.4735709172347,3,"S-10-09-02-01"
"match",14.7402112471994,3,"S-10-09-02-01"
"nonmatch",-13.17706099653,3,"S-10-09-02-01"
"nonmatch",-14.062389694498,3,"S-10-09-02-01"
"nonmatch",-9.69244963485781,3,"S-10-09-02-01"
"nonmatch",-7.08024542945103,3,"S-10-09-02-01"
"nonmatch",-9.47004264441766,3,"S-10-09-02-01"
"nonmatch",-10.2069493767335,3,"S-10-09-02-01"
"nonmatch",-11.6960225422702,3,"S-10-09-02-01"
"nonmatch",-12.0568144489925,3,"S-10-09-02-01"
"nonmatch",-10.9101575222705,3,"S-10-09-02-01"
"nonmatch",-9.49548334145157,3,"S-10-09-02-01"
"nonmatch",-13.1805458890401,3,"S-10-09-02-01"
"nonmatch",-14.9899214912129,3,"S-10-09-02-01"
"nonmatch",-8.75800833407061,3,"S-10-09-02-01"
"nonmatch",-11.6443279166028,3,"S-10-09-02-01"
"nonmatch",-10.2346355784851,3,"S-10-09-02-01"
"nonmatch",-10.9443886724416,3,"S-10-09-02-01"
"nonmatch",-13.9332230207384,3,"S-10-09-02-01"
"nonmatch",-12.4212407540906,3,"S-10-09-02-01"
"match",12.9782774453808,3,"S-10-09-02-01"
"nonmatch",-13.6530699530481,3,"S-10-09-02-01"
"nonmatch",-9.92995601961787,3,"S-10-09-02-01"
"nonmatch",-11.0344822803816,3,"S-10-09-02-01"
"nonmatch",-12.4434809578526,3,"S-10-09-02-01"
"nonmatch",-11.9333514051442,3,"S-10-09-02-01"
"nonmatch",-11.3694725754964,3,"S-10-09-02-01"
"nonmatch",-8.85715812953728,3,"S-10-09-02-01"
"nonmatch",-11.7472098371008,3,"S-10-09-02-01"
"nonmatch",-15.5904548968434,3,"S-10-09-02-01"
"nonmatch",-9.04079341653723,3,"S-10-09-02-01"
"nonmatch",-4.84811974495717,3,"S-10-09-02-01"
"nonmatch",-9.76351146768101,3,"S-10-09-02-01"
"nonmatch",-12.3335221357577,3,"S-10-09-02-01"
"nonmatch",-11.3779729339727,3,"S-10-09-02-01"
"nonmatch",-9.68070454859231,3,"S-10-09-02-01"
"nonmatch",-11.794696775043,3,"S-10-09-02-01"
"nonmatch",-7.61301196289687,3,"S-10-09-02-01"
"nonmatch",-11.5216487087002,3,"S-10-09-02-01"
"match",17.6364918837942,3,"S-10-09-02-01"
"nonmatch",-12.4768526806415,3,"S-10-09-02-01"
"nonmatch",-12.2558720172333,3,"S-10-09-02-01"
"nonmatch",-4.91658843189651,3,"S-10-09-02-01"
"nonmatch",-15.2475478932483,3,"S-10-09-02-01"
"nonmatch",-9.51790278494298,3,"S-10-09-02-01"
"nonmatch",-14.5010173222552,3,"S-10-09-02-01"
"nonmatch",-11.8452595389548,3,"S-10-09-02-01"
"nonmatch",-9.50993634980825,3,"S-10-09-02-01"
"nonmatch",-15.0432020130643,3,"S-10-09-02-01"
"nonmatch",-10.9221910287903,3,"S-10-09-02-01"
"nonmatch",-6.14257141893084,3,"S-10-09-02-01"
"nonmatch",-13.3065642537956,3,"S-10-09-02-01"
"nonmatch",-11.3324395989026,3,"S-10-09-02-01"
"nonmatch",-12.8486736029844,3,"S-10-09-02-01"
"nonmatch",-14.0464636512676,3,"S-10-09-02-01"
"nonmatch",-7.42952350282346,3,"S-10-09-02-01"
"nonmatch",-9.94104849830462,3,"S-10-09-02-01"
"nonmatch",-16.0881942978332,3,"S-10-09-02-01"
"match",17.2501238225215,3,"S-10-09-02-01"
"nonmatch",-10.5241158340549,3,"S-10-09-02-01"
"nonmatch",-8.85820594103816,3,"S-10-09-02-01"
"nonmatch",-9.60655248462077,3,"S-10-09-02-01"
"nonmatch",-10.608222552287,3,"S-10-09-02-01"
"nonmatch",-11.3519774163798,3,"S-10-09-02-01"
"nonmatch",-16.3338493484651,3,"S-10-09-02-01"
"nonmatch",-11.5178819023303,3,"S-10-09-02-01"
"nonmatch",-12.7869667652239,3,"S-10-09-02-01"
"nonmatch",-10.6980288580631,3,"S-10-09-02-01"
"nonmatch",-9.28885948003533,3,"S-10-09-02-01"
"nonmatch",-8.39021559935665,3,"S-10-09-02-01"
"nonmatch",-13.8871252848455,3,"S-10-09-02-01"
"nonmatch",-10.0722574181739,3,"S-10-09-02-01"
"nonmatch",-10.032372491414,3,"S-10-09-02-01"
"nonmatch",-12.4291470512964,3,"S-10-09-02-01"
"nonmatch",-13.5924601926449,3,"S-10-09-02-01"
"nonmatch",-13.1402461791883,3,"S-10-09-02-01"
"nonmatch",-17.2996379874428,3,"S-10-09-02-01"
"match",22.1386577105102,5,"S-10-09-02-01"
"nonmatch",-13.780404677555,5,"S-10-09-02-01"
"nonmatch",-9.81108502059783,5,"S-10-09-02-01"
"nonmatch",-13.1577876162108,5,"S-10-09-02-01"
"nonmatch",-13.579942992179,5,"S-10-09-02-01"
"nonmatch",-16.5563149011964,5,"S-10-09-02-01"
"nonmatch",-13.5027170399759,5,"S-10-09-02-01"
"nonmatch",-13.6485115364482,5,"S-10-09-02-01"
"nonmatch",-13.0287808835342,5,"S-10-09-02-01"
"nonmatch",-9.84401574954238,5,"S-10-09-02-01"
"nonmatch",-14.8393220075418,5,"S-10-09-02-01"
"nonmatch",-8.70971126606737,5,"S-10-09-02-01"
"nonmatch",-10.9825507332752,5,"S-10-09-02-01"
"nonmatch",-15.0619286593916,5,"S-10-09-02-01"
"nonmatch",-15.7715071523768,5,"S-10-09-02-01"
"nonmatch",-12.5397742904484,5,"S-10-09-02-01"
"nonmatch",-12.3353152647467,5,"S-10-09-02-01"
"nonmatch",-15.5956736939709,5,"S-10-09-02-01"
"nonmatch",-8.63224131246151,5,"S-10-09-02-01"
"match",18.5714403200184,5,"S-10-09-02-01"
"nonmatch",-13.623341996322,5,"S-10-09-02-01"
"nonmatch",-14.6447395121883,5,"S-10-09-02-01"
"nonmatch",-10.3495690946632,5,"S-10-09-02-01"
"nonmatch",-13.6809565954106,5,"S-10-09-02-01"
"nonmatch",-13.9387447219081,5,"S-10-09-02-01"
"nonmatch",-14.8422256349857,5,"S-10-09-02-01"
"nonmatch",-14.1254693968808,5,"S-10-09-02-01"
"nonmatch",-10.6923531707307,5,"S-10-09-02-01"
"nonmatch",-12.5500919661995,5,"S-10-09-02-01"
"nonmatch",-8.31923180868334,5,"S-10-09-02-01"
"nonmatch",-13.6705079032727,5,"S-10-09-02-01"
"nonmatch",-11.8162605221701,5,"S-10-09-02-01"
"nonmatch",-11.1561139763344,5,"S-10-09-02-01"
"nonmatch",-13.6984592215532,5,"S-10-09-02-01"
"nonmatch",-12.2920999862087,5,"S-10-09-02-01"
"nonmatch",-16.1750419612534,5,"S-10-09-02-01"
"nonmatch",-11.2526879188262,5,"S-10-09-02-01"
"nonmatch",-7.68595077515849,5,"S-10-09-02-01"
"match",13.2915234583065,5,"S-10-09-02-01"
"nonmatch",-9.46273423312684,5,"S-10-09-02-01"
"nonmatch",-9.65310878827465,5,"S-10-09-02-01"
"nonmatch",-7.88284066822841,5,"S-10-09-02-01"
"nonmatch",-13.7639127635829,5,"S-10-09-02-01"
"nonmatch",-4.96031264746396,5,"S-10-09-02-01"
"nonmatch",-10.0880870366381,5,"S-10-09-02-01"
"nonmatch",-18.9225718176163,5,"S-10-09-02-01"
"nonmatch",-9.11626767493175,5,"S-10-09-02-01"
"nonmatch",-10.7351937304893,5,"S-10-09-02-01"
"nonmatch",-4.43256291590989,5,"S-10-09-02-01"
"nonmatch",-9.18786480892514,5,"S-10-09-02-01"
"nonmatch",-8.55990192632334,5,"S-10-09-02-01"
"nonmatch",-15.3595185325157,5,"S-10-09-02-01"
"nonmatch",-13.0281444012163,5,"S-10-09-02-01"
"nonmatch",-10.2817048373044,5,"S-10-09-02-01"
"nonmatch",-8.98212579072863,5,"S-10-09-02-01"
"nonmatch",-5.8963690528172,5,"S-10-09-02-01"
"nonmatch",-12.374222165045,5,"S-10-09-02-01"
"match",16.319407918513,5,"S-10-09-02-01"
"nonmatch",-14.1802654608009,5,"S-10-09-02-01"
"nonmatch",-14.1817690256049,5,"S-10-09-02-01"
"nonmatch",-5.59473907859172,5,"S-10-09-02-01"
"nonmatch",-12.1175426265811,5,"S-10-09-02-01"
"nonmatch",-12.4926818969955,5,"S-10-09-02-01"
"nonmatch",-9.4051609959727,5,"S-10-09-02-01"
"nonmatch",-6.5689676464365,5,"S-10-09-02-01"
"nonmatch",-16.0039039850882,5,"S-10-09-02-01"
"nonmatch",-7.58285880978023,5,"S-10-09-02-01"
"nonmatch",-13.3573266883247,5,"S-10-09-02-01"
"nonmatch",-16.4382344713259,5,"S-10-09-02-01"
"nonmatch",-10.4563248841495,5,"S-10-09-02-01"
"nonmatch",-4.64496370052669,5,"S-10-09-02-01"
"nonmatch",-13.7152111611629,5,"S-10-09-02-01"
"nonmatch",-10.548743467031,5,"S-10-09-02-01"
"nonmatch",-5.81730178697336,5,"S-10-09-02-01"
"nonmatch",-14.4799372518288,5,"S-10-09-02-01"
"nonmatch",-9.61904176293224,5,"S-10-09-02-01"
"match",19.0256630887229,5,"S-10-09-02-01"
"nonmatch",-13.8977429417663,5,"S-10-09-02-01"
"nonmatch",-14.9248632155631,5,"S-10-09-02-01"
"nonmatch",-10.8666642541597,5,"S-10-09-02-01"
"nonmatch",-6.26625281405735,5,"S-10-09-02-01"
"nonmatch",-15.1447299467905,5,"S-10-09-02-01"
"nonmatch",-11.469186271167,5,"S-10-09-02-01"
"nonmatch",-15.8481676846748,5,"S-10-09-02-01"
"nonmatch",-4.59220929595299,5,"S-10-09-02-01"
"nonmatch",-14.3257833481514,5,"S-10-09-02-01"
"nonmatch",-9.83916228445402,5,"S-10-09-02-01"
"nonmatch",-12.5394000916078,5,"S-10-09-02-01"
"nonmatch",-9.95202163279334,5,"S-10-09-02-01"
"nonmatch",-10.37628289161,5,"S-10-09-02-01"
"nonmatch",-16.2917540008611,5,"S-10-09-02-01"
"nonmatch",-13.2439979848674,5,"S-10-09-02-01"
"nonmatch",-10.3051769156997,5,"S-10-09-02-01"
"nonmatch",-11.9106571198885,5,"S-10-09-02-01"
"nonmatch",-9.55180655877455,5,"S-10-09-02-01"
"match",21.9755266814504,5,"S-10-09-02-01"
"nonmatch",-16.5940010002912,5,"S-10-09-02-01"
"nonmatch",-14.9542880886132,5,"S-10-09-02-01"
"nonmatch",-18.5195288117921,5,"S-10-09-02-01"
"nonmatch",-15.3967037786298,5,"S-10-09-02-01"
"nonmatch",-14.4475390038725,5,"S-10-09-02-01"
"nonmatch",-15.6583158191752,5,"S-10-09-02-01"
"nonmatch",-13.7378819699397,5,"S-10-09-02-01"
"nonmatch",-13.3440441640492,5,"S-10-09-02-01"
"nonmatch",-13.042686098004,5,"S-10-09-02-01"
"nonmatch",-16.3079086662872,5,"S-10-09-02-01"
"nonmatch",-10.8017986022642,5,"S-10-09-02-01"
"nonmatch",-12.3613053722875,5,"S-10-09-02-01"
"nonmatch",-14.8963820777964,5,"S-10-09-02-01"
"nonmatch",-15.4740731111734,5,"S-10-09-02-01"
"nonmatch",-15.2834364900199,5,"S-10-09-02-01"
"nonmatch",-12.86348934341,5,"S-10-09-02-01"
"nonmatch",-13.4720139499646,5,"S-10-09-02-01"
"nonmatch",-11.9133188907462,5,"S-10-09-02-01"
"match",16.6827981127304,5,"S-10-09-02-01"
"nonmatch",-13.4289657427617,5,"S-10-09-02-01"
"nonmatch",-14.3743074274744,5,"S-10-09-02-01"
"nonmatch",-9.90132436384931,5,"S-10-09-02-01"
"nonmatch",-7.05964127660855,5,"S-10-09-02-01"
"nonmatch",-9.69789449487571,5,"S-10-09-02-01"
"nonmatch",-10.5668920763737,5,"S-10-09-02-01"
"nonmatch",-12.0520787944668,5,"S-10-09-02-01"
"nonmatch",-12.3864847839926,5,"S-10-09-02-01"
"nonmatch",-11.0553656166826,5,"S-10-09-02-01"
"nonmatch",-9.8361084796318,5,"S-10-09-02-01"
"nonmatch",-12.8278043774569,5,"S-10-09-02-01"
"nonmatch",-15.1990451020029,5,"S-10-09-02-01"
"nonmatch",-9.11172932151124,5,"S-10-09-02-01"
"nonmatch",-11.9339821542179,5,"S-10-09-02-01"
"nonmatch",-10.4233490142817,5,"S-10-09-02-01"
"nonmatch",-11.3583867051991,5,"S-10-09-02-01"
"nonmatch",-14.3088888946462,5,"S-10-09-02-01"
"nonmatch",-12.593786350169,5,"S-10-09-02-01"
"match",15.024171608202,5,"S-10-09-02-01"
"nonmatch",-13.734123650599,5,"S-10-09-02-01"
"nonmatch",-10.455936674147,5,"S-10-09-02-01"
"nonmatch",-11.463432284648,5,"S-10-09-02-01"
"nonmatch",-12.8761992148597,5,"S-10-09-02-01"
"nonmatch",-12.2946130005712,5,"S-10-09-02-01"
"nonmatch",-11.7338964947314,5,"S-10-09-02-01"
"nonmatch",-9.33230101858756,5,"S-10-09-02-01"
"nonmatch",-11.9633722352766,5,"S-10-09-02-01"
"nonmatch",-15.8269646962888,5,"S-10-09-02-01"
"nonmatch",-9.50167933058407,5,"S-10-09-02-01"
"nonmatch",-5.44569154374115,5,"S-10-09-02-01"
"nonmatch",-10.0898025147149,5,"S-10-09-02-01"
"nonmatch",-12.6511784763745,5,"S-10-09-02-01"
"nonmatch",-11.8639478450043,5,"S-10-09-02-01"
"nonmatch",-10.0503862054825,5,"S-10-09-02-01"
"nonmatch",-12.0714536560208,5,"S-10-09-02-01"
"nonmatch",-7.86052405467829,5,"S-10-09-02-01"
"nonmatch",-11.8371844945512,5,"S-10-09-02-01"
"match",20.0603563661019,5,"S-10-09-02-01"
"nonmatch",-12.7913170962166,5,"S-10-09-02-01"
"nonmatch",-12.432083467629,5,"S-10-09-02-01"
"nonmatch",-5.22129286939124,5,"S-10-09-02-01"
"nonmatch",-15.2575907923538,5,"S-10-09-02-01"
"nonmatch",-9.90894933499913,5,"S-10-09-02-01"
"nonmatch",-14.6496357200915,5,"S-10-09-02-01"
"nonmatch",-12.1289177143896,5,"S-10-09-02-01"
"nonmatch",-9.81491766656859,5,"S-10-09-02-01"
"nonmatch",-15.4370162702012,5,"S-10-09-02-01"
"nonmatch",-11.2633361860594,5,"S-10-09-02-01"
"nonmatch",-6.62919402517761,5,"S-10-09-02-01"
"nonmatch",-13.5697497595866,5,"S-10-09-02-01"
"nonmatch",-11.5435296785792,5,"S-10-09-02-01"
"nonmatch",-13.2137521358129,5,"S-10-09-02-01"
"nonmatch",-14.4560642088118,5,"S-10-09-02-01"
"nonmatch",-7.54985596554435,5,"S-10-09-02-01"
"nonmatch",-10.3157806680144,5,"S-10-09-02-01"
"nonmatch",-15.8884629066799,5,"S-10-09-02-01"
"match",20.3899526291666,5,"S-10-09-02-01"
"nonmatch",-10.9814871999327,5,"S-10-09-02-01"
"nonmatch",-9.37260235281498,5,"S-10-09-02-01"
"nonmatch",-9.87537221964819,5,"S-10-09-02-01"
"nonmatch",-11.0846161214002,5,"S-10-09-02-01"
"nonmatch",-11.7265249194946,5,"S-10-09-02-01"
"nonmatch",-16.743049257837,5,"S-10-09-02-01"
"nonmatch",-11.8474916616234,5,"S-10-09-02-01"
"nonmatch",-13.1202123916961,5,"S-10-09-02-01"
"nonmatch",-11.1263658931068,5,"S-10-09-02-01"
"nonmatch",-9.67191170173679,5,"S-10-09-02-01"
"nonmatch",-8.76786255175645,5,"S-10-09-02-01"
"nonmatch",-14.2225292256745,5,"S-10-09-02-01"
"nonmatch",-10.4638826094345,5,"S-10-09-02-01"
"nonmatch",-10.472937843801,5,"S-10-09-02-01"
"nonmatch",-12.9884323137286,5,"S-10-09-02-01"
"nonmatch",-13.9215706353106,5,"S-10-09-02-01"
"nonmatch",-13.5213953718438,5,"S-10-09-02-01"
"nonmatch",-17.1407051559794,5,"S-10-09-02-01"
"match",28.2087850926962,10,"S-10-09-02-01"
"nonmatch",-14.5062617151835,10,"S-10-09-02-01"
"nonmatch",-10.4178772038671,10,"S-10-09-02-01"
"nonmatch",-13.64255359368,10,"S-10-09-02-01"
"nonmatch",-13.9363496133869,10,"S-10-09-02-01"
"nonmatch",-16.9695200314568,10,"S-10-09-02-01"
"nonmatch",-13.8023944741315,10,"S-10-09-02-01"
"nonmatch",-13.5548517502718,10,"S-10-09-02-01"
"nonmatch",-13.434651206974,10,"S-10-09-02-01"
"nonmatch",-10.2217336379228,10,"S-10-09-02-01"
"nonmatch",-15.5194940286036,10,"S-10-09-02-01"
"nonmatch",-9.05664476083466,10,"S-10-09-02-01"
"nonmatch",-11.5386427076742,10,"S-10-09-02-01"
"nonmatch",-15.4252659640031,10,"S-10-09-02-01"
"nonmatch",-16.1378846060306,10,"S-10-09-02-01"
"nonmatch",-13.0225894400896,10,"S-10-09-02-01"
"nonmatch",-12.2925460033379,10,"S-10-09-02-01"
"nonmatch",-16.1273933015939,10,"S-10-09-02-01"
"nonmatch",-8.89669969054435,10,"S-10-09-02-01"
"match",25.2394174515047,10,"S-10-09-02-01"
"nonmatch",-14.4914390810608,10,"S-10-09-02-01"
"nonmatch",-15.3983675694793,10,"S-10-09-02-01"
"nonmatch",-11.025614092044,10,"S-10-09-02-01"
"nonmatch",-14.4310804196391,10,"S-10-09-02-01"
"nonmatch",-14.6406913301215,10,"S-10-09-02-01"
"nonmatch",-15.7265158912281,10,"S-10-09-02-01"
"nonmatch",-14.6541859830683,10,"S-10-09-02-01"
"nonmatch",-11.5167862137978,10,"S-10-09-02-01"
"nonmatch",-12.8901331700867,10,"S-10-09-02-01"
"nonmatch",-8.97890023188091,10,"S-10-09-02-01"
"nonmatch",-14.5118047266359,10,"S-10-09-02-01"
"nonmatch",-12.5302412805488,10,"S-10-09-02-01"
"nonmatch",-11.7662610175557,10,"S-10-09-02-01"
"nonmatch",-14.5656806351873,10,"S-10-09-02-01"
"nonmatch",-12.9007675680744,10,"S-10-09-02-01"
"nonmatch",-16.3037911502559,10,"S-10-09-02-01"
"nonmatch",-11.8877931906653,10,"S-10-09-02-01"
"nonmatch",-8.13729113289068,10,"S-10-09-02-01"
"match",17.9240417588586,10,"S-10-09-02-01"
"nonmatch",-10.1209149130595,10,"S-10-09-02-01"
"nonmatch",-10.4573318895087,10,"S-10-09-02-01"
"nonmatch",-8.29092330587016,10,"S-10-09-02-01"
"nonmatch",-14.6117035147223,10,"S-10-09-02-01"
"nonmatch",-5.19920847007362,10,"S-10-09-02-01"
"nonmatch",-9.93544141296279,10,"S-10-09-02-01"
"nonmatch",-19.3076189086507,10,"S-10-09-02-01"
"nonmatch",-9.63750877502764,10,"S-10-09-02-01"
"nonmatch",-11.4957547297209,10,"S-10-09-02-01"
"nonmatch",-5.00171491859067,10,"S-10-09-02-01"
"nonmatch",-9.55121384500843,10,"S-10-09-02-01"
"nonmatch",-9.1422694008471,10,"S-10-09-02-01"
"nonmatch",-15.4672111905089,10,"S-10-09-02-01"
"nonmatch",-13.7228087426049,10,"S-10-09-02-01"
"nonmatch",-10.7465883606421,10,"S-10-09-02-01"
"nonmatch",-9.69226556466966,10,"S-10-09-02-01"
"nonmatch",-6.80276655888264,10,"S-10-09-02-01"
"nonmatch",-12.817561862844,10,"S-10-09-02-01"
"match",19.7725985549223,10,"S-10-09-02-01"
"nonmatch",-14.7686907613548,10,"S-10-09-02-01"
"nonmatch",-14.9280426181594,10,"S-10-09-02-01"
"nonmatch",-5.66571716514531,10,"S-10-09-02-01"
"nonmatch",-12.8169451363164,10,"S-10-09-02-01"
"nonmatch",-13.1785821227906,10,"S-10-09-02-01"
"nonmatch",-9.93762429826592,10,"S-10-09-02-01"
"nonmatch",-6.69452498965401,10,"S-10-09-02-01"
"nonmatch",-16.2904014856154,10,"S-10-09-02-01"
"nonmatch",-7.44637087809491,10,"S-10-09-02-01"
"nonmatch",-13.8462206066807,10,"S-10-09-02-01"
"nonmatch",-16.4928290472084,10,"S-10-09-02-01"
"nonmatch",-11.0983606561311,10,"S-10-09-02-01"
"nonmatch",-4.40660915807391,10,"S-10-09-02-01"
"nonmatch",-14.2964629088569,10,"S-10-09-02-01"
"nonmatch",-11.192760862983,10,"S-10-09-02-01"
"nonmatch",-6.74836927439174,10,"S-10-09-02-01"
"nonmatch",-14.9117652103798,10,"S-10-09-02-01"
"nonmatch",-10.0402142486458,10,"S-10-09-02-01"
"match",23.168957457518,10,"S-10-09-02-01"
"nonmatch",-14.4651889110468,10,"S-10-09-02-01"
"nonmatch",-15.7101050818376,10,"S-10-09-02-01"
"nonmatch",-10.9956078172968,10,"S-10-09-02-01"
"nonmatch",-6.61214955439873,10,"S-10-09-02-01"
"nonmatch",-15.7574344948366,10,"S-10-09-02-01"
"nonmatch",-12.1446992544504,10,"S-10-09-02-01"
"nonmatch",-16.0844710221102,10,"S-10-09-02-01"
"nonmatch",-4.54084486018229,10,"S-10-09-02-01"
"nonmatch",-14.813568846613,10,"S-10-09-02-01"
"nonmatch",-10.4018833217319,10,"S-10-09-02-01"
"nonmatch",-13.3154837551348,10,"S-10-09-02-01"
"nonmatch",-10.8829228590017,10,"S-10-09-02-01"
"nonmatch",-10.9256740688409,10,"S-10-09-02-01"
"nonmatch",-16.7770863684821,10,"S-10-09-02-01"
"nonmatch",-13.022849372523,10,"S-10-09-02-01"
"nonmatch",-10.9444245615648,10,"S-10-09-02-01"
"nonmatch",-12.4675983499812,10,"S-10-09-02-01"
"nonmatch",-10.2046943427171,10,"S-10-09-02-01"
"match",25.3626694599795,10,"S-10-09-02-01"
"nonmatch",-17.1146417195705,10,"S-10-09-02-01"
"nonmatch",-15.8130596571081,10,"S-10-09-02-01"
"nonmatch",-18.8533860318356,10,"S-10-09-02-01"
"nonmatch",-15.6790456391179,10,"S-10-09-02-01"
"nonmatch",-14.728575823238,10,"S-10-09-02-01"
"nonmatch",-16.1355835256456,10,"S-10-09-02-01"
"nonmatch",-14.5778482829655,10,"S-10-09-02-01"
"nonmatch",-13.9947069016942,10,"S-10-09-02-01"
"nonmatch",-13.6236340726223,10,"S-10-09-02-01"
"nonmatch",-16.5867854341951,10,"S-10-09-02-01"
"nonmatch",-11.5763440857691,10,"S-10-09-02-01"
"nonmatch",-12.8122914782817,10,"S-10-09-02-01"
"nonmatch",-15.1503840953974,10,"S-10-09-02-01"
"nonmatch",-15.939513985651,10,"S-10-09-02-01"
"nonmatch",-15.752566119903,10,"S-10-09-02-01"
"nonmatch",-13.3911670866516,10,"S-10-09-02-01"
"nonmatch",-14.0583432893056,10,"S-10-09-02-01"
"nonmatch",-12.6793458460037,10,"S-10-09-02-01"
"match",21.3591564783849,10,"S-10-09-02-01"
"nonmatch",-13.8624869070818,10,"S-10-09-02-01"
"nonmatch",-14.9153631503447,10,"S-10-09-02-01"
"nonmatch",-10.2991864137476,10,"S-10-09-02-01"
"nonmatch",-7.035896598791,10,"S-10-09-02-01"
"nonmatch",-10.1490346950408,10,"S-10-09-02-01"
"nonmatch",-11.2145664406572,10,"S-10-09-02-01"
"nonmatch",-12.6226779589229,10,"S-10-09-02-01"
"nonmatch",-12.9802611923769,10,"S-10-09-02-01"
"nonmatch",-11.3694388190832,10,"S-10-09-02-01"
"nonmatch",-10.4665329282941,10,"S-10-09-02-01"
"nonmatch",-12.5310168822385,10,"S-10-09-02-01"
"nonmatch",-15.5776253756974,10,"S-10-09-02-01"
"nonmatch",-9.82137141167682,10,"S-10-09-02-01"
"nonmatch",-12.5097987730279,10,"S-10-09-02-01"
"nonmatch",-10.8189561981683,10,"S-10-09-02-01"
"nonmatch",-12.1148151982501,10,"S-10-09-02-01"
"nonmatch",-14.9346104418836,10,"S-10-09-02-01"
"nonmatch",-12.9889838237883,10,"S-10-09-02-01"
"match",19.5933805204016,10,"S-10-09-02-01"
"nonmatch",-13.8840623096784,10,"S-10-09-02-01"
"nonmatch",-11.3988856846547,10,"S-10-09-02-01"
"nonmatch",-12.2046788829761,10,"S-10-09-02-01"
"nonmatch",-13.5759946566634,10,"S-10-09-02-01"
"nonmatch",-12.9568989329447,10,"S-10-09-02-01"
"nonmatch",-12.3100713326929,10,"S-10-09-02-01"
"nonmatch",-10.2413327079483,10,"S-10-09-02-01"
"nonmatch",-12.2748776978666,10,"S-10-09-02-01"
"nonmatch",-16.163513071081,10,"S-10-09-02-01"
"nonmatch",-10.2687768978229,10,"S-10-09-02-01"
"nonmatch",-6.5351879837246,10,"S-10-09-02-01"
"nonmatch",-10.687898230063,10,"S-10-09-02-01"
"nonmatch",-13.2107669946222,10,"S-10-09-02-01"
"nonmatch",-12.7329174936734,10,"S-10-09-02-01"
"nonmatch",-10.6781937597333,10,"S-10-09-02-01"
"nonmatch",-12.567151210153,10,"S-10-09-02-01"
"nonmatch",-8.2601637399,10,"S-10-09-02-01"
"nonmatch",-12.3768717764831,10,"S-10-09-02-01"
"match",25.4459752111289,10,"S-10-09-02-01"
"nonmatch",-13.3100515650973,10,"S-10-09-02-01"
"nonmatch",-12.8046027391502,10,"S-10-09-02-01"
"nonmatch",-5.71244344198689,10,"S-10-09-02-01"
"nonmatch",-15.3256835447385,10,"S-10-09-02-01"
"nonmatch",-10.620050835946,10,"S-10-09-02-01"
"nonmatch",-14.8815481715699,10,"S-10-09-02-01"
"nonmatch",-12.7008059366023,10,"S-10-09-02-01"
"nonmatch",-10.3232893847475,10,"S-10-09-02-01"
"nonmatch",-16.0524304338877,10,"S-10-09-02-01"
"nonmatch",-11.8426228117615,10,"S-10-09-02-01"
"nonmatch",-7.42703007256776,10,"S-10-09-02-01"
"nonmatch",-14.0334375586918,10,"S-10-09-02-01"
"nonmatch",-11.951670373518,10,"S-10-09-02-01"
"nonmatch",-13.7792130677723,10,"S-10-09-02-01"
"nonmatch",-15.1203531475516,10,"S-10-09-02-01"
"nonmatch",-7.74005354795395,10,"S-10-09-02-01"
"nonmatch",-10.9575471915786,10,"S-10-09-02-01"
"nonmatch",-15.7568983438013,10,"S-10-09-02-01"
"match",27.8435906252634,10,"S-10-09-02-01"
"nonmatch",-11.7856506678117,10,"S-10-09-02-01"
"nonmatch",-10.3521716312332,10,"S-10-09-02-01"
"nonmatch",-10.3670282886972,10,"S-10-09-02-01"
"nonmatch",-11.9265498562074,10,"S-10-09-02-01"
"nonmatch",-12.3637279074995,10,"S-10-09-02-01"
"nonmatch",-17.4429296418343,10,"S-10-09-02-01"
"nonmatch",-12.5114082843429,10,"S-10-09-02-01"
"nonmatch",-13.7218671114981,10,"S-10-09-02-01"
"nonmatch",-11.8751947446514,10,"S-10-09-02-01"
"nonmatch",-10.3496266220233,10,"S-10-09-02-01"
"nonmatch",-9.47094885940719,10,"S-10-09-02-01"
"nonmatch",-14.7965799176192,10,"S-10-09-02-01"
"nonmatch",-11.1698388356713,10,"S-10-09-02-01"
"nonmatch",-11.2600404038442,10,"S-10-09-02-01"
"nonmatch",-13.9919144091362,10,"S-10-09-02-01"
"nonmatch",-14.5914969275795,10,"S-10-09-02-01"
"nonmatch",-14.1794478948038,10,"S-10-09-02-01"
"nonmatch",-17.0964632840428,10,"S-10-09-02-01"
"match",33.5552459447651,15,"S-10-09-02-01"
"nonmatch",-14.9922621528915,15,"S-10-09-02-01"
"nonmatch",-10.8237549773541,15,"S-10-09-02-01"
"nonmatch",-13.951949972047,15,"S-10-09-02-01"
"nonmatch",-14.1500316669121,15,"S-10-09-02-01"
"nonmatch",-17.252656906339,15,"S-10-09-02-01"
"nonmatch",-14.0160004059499,15,"S-10-09-02-01"
"nonmatch",-13.5184921567519,15,"S-10-09-02-01"
"nonmatch",-13.7002384661542,15,"S-10-09-02-01"
"nonmatch",-10.4624418113965,15,"S-10-09-02-01"
"nonmatch",-16.0012530157319,15,"S-10-09-02-01"
"nonmatch",-9.28124141371543,15,"S-10-09-02-01"
"nonmatch",-11.9226512725823,15,"S-10-09-02-01"
"nonmatch",-15.6548327340939,15,"S-10-09-02-01"
"nonmatch",-16.3941260825096,15,"S-10-09-02-01"
"nonmatch",-13.3327559740874,15,"S-10-09-02-01"
"nonmatch",-12.2638553373214,15,"S-10-09-02-01"
"nonmatch",-16.4619739052142,15,"S-10-09-02-01"
"nonmatch",-9.06461838176094,15,"S-10-09-02-01"
"match",31.3623085232469,15,"S-10-09-02-01"
"nonmatch",-15.0461739948482,15,"S-10-09-02-01"
"nonmatch",-15.8981801687484,15,"S-10-09-02-01"
"nonmatch",-11.4547338886468,15,"S-10-09-02-01"
"nonmatch",-14.9041363114387,15,"S-10-09-02-01"
"nonmatch",-15.0796025480644,15,"S-10-09-02-01"
"nonmatch",-16.2926174334402,15,"S-10-09-02-01"
"nonmatch",-14.9798772536825,15,"S-10-09-02-01"
"nonmatch",-12.0614769833231,15,"S-10-09-02-01"
"nonmatch",-13.1243886906015,15,"S-10-09-02-01"
"nonmatch",-9.42156425948249,15,"S-10-09-02-01"
"nonmatch",-15.0334064484528,15,"S-10-09-02-01"
"nonmatch",-12.9736040617566,15,"S-10-09-02-01"
"nonmatch",-12.1520155333865,15,"S-10-09-02-01"
"nonmatch",-15.1143972750179,15,"S-10-09-02-01"
"nonmatch",-13.2907283147738,15,"S-10-09-02-01"
"nonmatch",-16.3538242118565,15,"S-10-09-02-01"
"nonmatch",-12.2902055486114,15,"S-10-09-02-01"
"nonmatch",-8.43534305438664,15,"S-10-09-02-01"
"match",22.0715243799581,15,"S-10-09-02-01"
"nonmatch",-10.5590930605543,15,"S-10-09-02-01"
"nonmatch",-11.00683012372,15,"S-10-09-02-01"
"nonmatch",-8.55209667635215,15,"S-10-09-02-01"
"nonmatch",-15.1538826967546,15,"S-10-09-02-01"
"nonmatch",-5.35367597115661,15,"S-10-09-02-01"
"nonmatch",-9.9987229080957,15,"S-10-09-02-01"
"nonmatch",-19.6693606621484,15,"S-10-09-02-01"
"nonmatch",-9.99468395209516,15,"S-10-09-02-01"
"nonmatch",-12.017018791083,15,"S-10-09-02-01"
"nonmatch",-5.37146213801459,15,"S-10-09-02-01"
"nonmatch",-9.81017258963777,15,"S-10-09-02-01"
"nonmatch",-9.52073875866764,15,"S-10-09-02-01"
"nonmatch",-15.6229312605441,15,"S-10-09-02-01"
"nonmatch",-14.1666331641837,15,"S-10-09-02-01"
"nonmatch",-11.0817265043546,15,"S-10-09-02-01"
"nonmatch",-10.154417619013,15,"S-10-09-02-01"
"nonmatch",-7.38942722044227,15,"S-10-09-02-01"
"nonmatch",-13.1239056620787,15,"S-10-09-02-01"
"match",22.823550558098,15,"S-10-09-02-01"
"nonmatch",-15.1381063780809,15,"S-10-09-02-01"
"nonmatch",-15.4118899866852,15,"S-10-09-02-01"
"nonmatch",-5.71031699725527,15,"S-10-09-02-01"
"nonmatch",-13.2860456918078,15,"S-10-09-02-01"
"nonmatch",-13.6185865285702,15,"S-10-09-02-01"
"nonmatch",-10.2873055189802,15,"S-10-09-02-01"
"nonmatch",-6.78511633850672,15,"S-10-09-02-01"
"nonmatch",-16.4723917503378,15,"S-10-09-02-01"
"nonmatch",-7.3885234086614,15,"S-10-09-02-01"
"nonmatch",-14.1581870319252,15,"S-10-09-02-01"
"nonmatch",-16.5659288528347,15,"S-10-09-02-01"
"nonmatch",-11.5283706923268,15,"S-10-09-02-01"
"nonmatch",-4.22769515980224,15,"S-10-09-02-01"
"nonmatch",-14.6716729439537,15,"S-10-09-02-01"
"nonmatch",-11.6409749267475,15,"S-10-09-02-01"
"nonmatch",-7.35842968871945,15,"S-10-09-02-01"
"nonmatch",-15.215881177522,15,"S-10-09-02-01"
"nonmatch",-10.3293211423615,15,"S-10-09-02-01"
"match",26.8158504457722,15,"S-10-09-02-01"
"nonmatch",-14.7996121149468,15,"S-10-09-02-01"
"nonmatch",-16.2144229290841,15,"S-10-09-02-01"
"nonmatch",-11.1612000384159,15,"S-10-09-02-01"
"nonmatch",-6.82820077993579,15,"S-10-09-02-01"
"nonmatch",-16.1075914375922,15,"S-10-09-02-01"
"nonmatch",-12.5938043466398,15,"S-10-09-02-01"
"nonmatch",-16.2749941874281,15,"S-10-09-02-01"
"nonmatch",-4.47937137706394,15,"S-10-09-02-01"
"nonmatch",-15.1513678214029,15,"S-10-09-02-01"
"nonmatch",-10.8036494667341,15,"S-10-09-02-01"
"nonmatch",-13.8123047752152,15,"S-10-09-02-01"
"nonmatch",-11.4838767569148,15,"S-10-09-02-01"
"nonmatch",-11.2663174203203,15,"S-10-09-02-01"
"nonmatch",-17.0881967203003,15,"S-10-09-02-01"
"nonmatch",-13.0275370919838,15,"S-10-09-02-01"
"nonmatch",-11.3481831485997,15,"S-10-09-02-01"
"nonmatch",-12.8490297714198,15,"S-10-09-02-01"
"nonmatch",-10.6244159975902,15,"S-10-09-02-01"
"match",28.4943947089493,15,"S-10-09-02-01"
"nonmatch",-17.4527352772129,15,"S-10-09-02-01"
"nonmatch",-16.3733464961989,15,"S-10-09-02-01"
"nonmatch",-19.1859526061418,15,"S-10-09-02-01"
"nonmatch",-15.8602227110839,15,"S-10-09-02-01"
"nonmatch",-14.9610202102981,15,"S-10-09-02-01"
"nonmatch",-16.4442823962963,15,"S-10-09-02-01"
"nonmatch",-15.1173393005117,15,"S-10-09-02-01"
"nonmatch",-14.3908333354935,15,"S-10-09-02-01"
"nonmatch",-13.9931237833974,15,"S-10-09-02-01"
"nonmatch",-16.7979148818828,15,"S-10-09-02-01"
"nonmatch",-12.0687857455387,15,"S-10-09-02-01"
"nonmatch",-13.0795108703799,15,"S-10-09-02-01"
"nonmatch",-15.3121623771217,15,"S-10-09-02-01"
"nonmatch",-16.248488910693,15,"S-10-09-02-01"
"nonmatch",-16.0688482598191,15,"S-10-09-02-01"
"nonmatch",-13.7206837036419,15,"S-10-09-02-01"
"nonmatch",-14.4054284040263,15,"S-10-09-02-01"
"nonmatch",-13.1824577267219,15,"S-10-09-02-01"
"match",25.6767485327064,15,"S-10-09-02-01"
"nonmatch",-14.1385389888025,15,"S-10-09-02-01"
"nonmatch",-15.2704956847638,15,"S-10-09-02-01"
"nonmatch",-10.5725472433667,15,"S-10-09-02-01"
"nonmatch",-7.0376634752157,15,"S-10-09-02-01"
"nonmatch",-10.4747066858118,15,"S-10-09-02-01"
"nonmatch",-11.637348799272,15,"S-10-09-02-01"
"nonmatch",-12.9649660916642,15,"S-10-09-02-01"
"nonmatch",-13.3821628496257,15,"S-10-09-02-01"
"nonmatch",-11.6080846141039,15,"S-10-09-02-01"
"nonmatch",-10.8942180241942,15,"S-10-09-02-01"
"nonmatch",-12.4811327439436,15,"S-10-09-02-01"
"nonmatch",-15.8342214259594,15,"S-10-09-02-01"
"nonmatch",-10.3413381858769,15,"S-10-09-02-01"
"nonmatch",-12.9237251266749,15,"S-10-09-02-01"
"nonmatch",-11.1146372389185,15,"S-10-09-02-01"
"nonmatch",-12.6259417941034,15,"S-10-09-02-01"
"nonmatch",-15.3175763764074,15,"S-10-09-02-01"
"nonmatch",-13.3016729348972,15,"S-10-09-02-01"
"match",23.5271883405187,15,"S-10-09-02-01"
"nonmatch",-13.9897968374966,15,"S-10-09-02-01"
"nonmatch",-12.021116070561,15,"S-10-09-02-01"
"nonmatch",-12.6895948045776,15,"S-10-09-02-01"
"nonmatch",-14.0000086051984,15,"S-10-09-02-01"
"nonmatch",-13.4031382326088,15,"S-10-09-02-01"
"nonmatch",-12.652753362334,15,"S-10-09-02-01"
"nonmatch",-10.8904585657889,15,"S-10-09-02-01"
"nonmatch",-12.4417694891505,15,"S-10-09-02-01"
"nonmatch",-16.3436056846064,15,"S-10-09-02-01"
"nonmatch",-10.7408024213467,15,"S-10-09-02-01"
"nonmatch",-7.25820243357024,15,"S-10-09-02-01"
"nonmatch",-11.0830501901298,15,"S-10-09-02-01"
"nonmatch",-13.572518314243,15,"S-10-09-02-01"
"nonmatch",-13.3134466297848,15,"S-10-09-02-01"
"nonmatch",-11.0766400899583,15,"S-10-09-02-01"
"nonmatch",-12.9068215268117,15,"S-10-09-02-01"
"nonmatch",-8.51839292823835,15,"S-10-09-02-01"
"nonmatch",-12.7240824908461,15,"S-10-09-02-01"
"match",30.1803238671446,15,"S-10-09-02-01"
"nonmatch",-13.6374218677475,15,"S-10-09-02-01"
"nonmatch",-13.0822693916055,15,"S-10-09-02-01"
"nonmatch",-6.01437792841686,15,"S-10-09-02-01"
"nonmatch",-15.3948310560266,15,"S-10-09-02-01"
"nonmatch",-11.090709456972,15,"S-10-09-02-01"
"nonmatch",-15.0221062572167,15,"S-10-09-02-01"
"nonmatch",-13.110085768979,15,"S-10-09-02-01"
"nonmatch",-10.6435983683641,15,"S-10-09-02-01"
"nonmatch",-16.4154055258182,15,"S-10-09-02-01"
"nonmatch",-12.2155902201955,15,"S-10-09-02-01"
"nonmatch",-7.91483198284137,15,"S-10-09-02-01"
"nonmatch",-14.3404016251573,15,"S-10-09-02-01"
"nonmatch",-12.2409578567781,15,"S-10-09-02-01"
"nonmatch",-14.106957586568,15,"S-10-09-02-01"
"nonmatch",-15.5211217682523,15,"S-10-09-02-01"
"nonmatch",-7.87264612696693,15,"S-10-09-02-01"
"nonmatch",-11.3685753908915,15,"S-10-09-02-01"
"nonmatch",-15.7670921776679,15,"S-10-09-02-01"
"match",34.7948981828251,15,"S-10-09-02-01"
"nonmatch",-12.317229761074,15,"S-10-09-02-01"
"nonmatch",-11.0444106272223,15,"S-10-09-02-01"
"nonmatch",-10.7080408245942,15,"S-10-09-02-01"
"nonmatch",-12.4792818119744,15,"S-10-09-02-01"
"nonmatch",-12.7687371374446,15,"S-10-09-02-01"
"nonmatch",-17.9087867147685,15,"S-10-09-02-01"
"nonmatch",-12.9994266788957,15,"S-10-09-02-01"
"nonmatch",-14.1435084179998,15,"S-10-09-02-01"
"nonmatch",-12.3688481150857,15,"S-10-09-02-01"
"nonmatch",-10.802620524817,15,"S-10-09-02-01"
"nonmatch",-9.96325021889614,15,"S-10-09-02-01"
"nonmatch",-15.181066127613,15,"S-10-09-02-01"
"nonmatch",-11.6496049893732,15,"S-10-09-02-01"
"nonmatch",-11.7848652881894,15,"S-10-09-02-01"
"nonmatch",-14.6737637688763,15,"S-10-09-02-01"
"nonmatch",-15.0997053330817,15,"S-10-09-02-01"
"nonmatch",-14.6100507010309,15,"S-10-09-02-01"
"nonmatch",-17.1826500757809,15,"S-10-09-02-01"
"match",38.4211675515148,20,"S-10-09-02-01"
"nonmatch",-15.3441368303929,20,"S-10-09-02-01"
"nonmatch",-11.1155725474612,20,"S-10-09-02-01"
"nonmatch",-14.170930701701,20,"S-10-09-02-01"
"nonmatch",-14.2966028648381,20,"S-10-09-02-01"
"nonmatch",-17.4615192009957,20,"S-10-09-02-01"
"nonmatch",-14.1776561543925,20,"S-10-09-02-01"
"nonmatch",-13.5055882402398,20,"S-10-09-02-01"
"nonmatch",-13.8933496778944,20,"S-10-09-02-01"
"nonmatch",-10.6343664885224,20,"S-10-09-02-01"
"nonmatch",-16.3645035374326,20,"S-10-09-02-01"
"nonmatch",-9.43954344226239,20,"S-10-09-02-01"
"nonmatch",-12.2056938608056,20,"S-10-09-02-01"
"nonmatch",-15.815576966368,20,"S-10-09-02-01"
"nonmatch",-16.5856873113805,20,"S-10-09-02-01"
"nonmatch",-13.5501852111045,20,"S-10-09-02-01"
"nonmatch",-12.2453187388971,20,"S-10-09-02-01"
"nonmatch",-16.6974593753352,20,"S-10-09-02-01"
"nonmatch",-9.18530288577145,20,"S-10-09-02-01"
"match",37.031044578324,20,"S-10-09-02-01"
"nonmatch",-15.4399199197521,20,"S-10-09-02-01"
"nonmatch",-16.2660149339623,20,"S-10-09-02-01"
"nonmatch",-11.7593017976645,20,"S-10-09-02-01"
"nonmatch",-15.2402491177644,20,"S-10-09-02-01"
"nonmatch",-15.3895015704775,20,"S-10-09-02-01"
"nonmatch",-16.6957226108552,20,"S-10-09-02-01"
"nonmatch",-15.2115041200975,20,"S-10-09-02-01"
"nonmatch",-12.4561896862872,20,"S-10-09-02-01"
"nonmatch",-13.3004478579292,20,"S-10-09-02-01"
"nonmatch",-9.74496294626229,20,"S-10-09-02-01"
"nonmatch",-15.3951754645408,20,"S-10-09-02-01"
"nonmatch",-13.2831891377186,20,"S-10-09-02-01"
"nonmatch",-12.4257217369924,20,"S-10-09-02-01"
"nonmatch",-15.4999990881391,20,"S-10-09-02-01"
"nonmatch",-13.5727889807393,20,"S-10-09-02-01"
"nonmatch",-16.382547391889,20,"S-10-09-02-01"
"nonmatch",-12.5766267759528,20,"S-10-09-02-01"
"nonmatch",-8.6548055910764,20,"S-10-09-02-01"
"match",25.8208729946818,20,"S-10-09-02-01"
"nonmatch",-10.8847906745519,20,"S-10-09-02-01"
"nonmatch",-11.419861337112,20,"S-10-09-02-01"
"nonmatch",-8.74806908401012,20,"S-10-09-02-01"
"nonmatch",-15.5480253109317,20,"S-10-09-02-01"
"nonmatch",-5.47411854814586,20,"S-10-09-02-01"
"nonmatch",-10.1033617078968,20,"S-10-09-02-01"
"nonmatch",-19.9878599209862,20,"S-10-09-02-01"
"nonmatch",-10.265031000535,20,"S-10-09-02-01"
"nonmatch",-12.4134048345007,20,"S-10-09-02-01"
"nonmatch",-5.64363390062219,20,"S-10-09-02-01"
"nonmatch",-10.016962488739,20,"S-10-09-02-01"
"nonmatch",-9.79873815253196,20,"S-10-09-02-01"
"nonmatch",-15.7746849401982,20,"S-10-09-02-01"
"nonmatch",-14.4920569748898,20,"S-10-09-02-01"
"nonmatch",-11.3446298028443,20,"S-10-09-02-01"
"nonmatch",-10.4916713766545,20,"S-10-09-02-01"
"nonmatch",-7.81058492454285,20,"S-10-09-02-01"
"nonmatch",-13.3665606531645,20,"S-10-09-02-01"
"match",25.537036966294,20,"S-10-09-02-01"
"nonmatch",-15.4130748876552,20,"S-10-09-02-01"
"nonmatch",-15.7701338538828,20,"S-10-09-02-01"
"nonmatch",-5.75407786806052,20,"S-10-09-02-01"
"nonmatch",-13.6435587384015,20,"S-10-09-02-01"
"nonmatch",-13.9429966088978,20,"S-10-09-02-01"
"nonmatch",-10.5472110131186,20,"S-10-09-02-01"
"nonmatch",-6.86664897097121,20,"S-10-09-02-01"
"nonmatch",-16.6178726904102,20,"S-10-09-02-01"
"nonmatch",-7.37469878792019,20,"S-10-09-02-01"
"nonmatch",-14.3939987215858,20,"S-10-09-02-01"
"nonmatch",-16.6485802506826,20,"S-10-09-02-01"
"nonmatch",-11.8514335340499,20,"S-10-09-02-01"
"nonmatch",-4.1027601336091,20,"S-10-09-02-01"
"nonmatch",-14.9519991903347,20,"S-10-09-02-01"
"nonmatch",-11.9843130359606,20,"S-10-09-02-01"
"nonmatch",-7.8030964458195,20,"S-10-09-02-01"
"nonmatch",-15.4612689459077,20,"S-10-09-02-01"
"nonmatch",-10.5565001978634,20,"S-10-09-02-01"
"match",30.0792220520086,20,"S-10-09-02-01"
"nonmatch",-15.0247465981212,20,"S-10-09-02-01"
"nonmatch",-16.5727327306233,20,"S-10-09-02-01"
"nonmatch",-11.3000549945265,20,"S-10-09-02-01"
"nonmatch",-6.97914446409019,20,"S-10-09-02-01"
"nonmatch",-16.337379724933,20,"S-10-09-02-01"
"nonmatch",-12.9196020943961,20,"S-10-09-02-01"
"nonmatch",-16.4223937102673,20,"S-10-09-02-01"
"nonmatch",-4.42747210645132,20,"S-10-09-02-01"
"nonmatch",-15.3982178706417,20,"S-10-09-02-01"
"nonmatch",-11.1054274449353,20,"S-10-09-02-01"
"nonmatch",-14.1608711213127,20,"S-10-09-02-01"
"nonmatch",-11.9073929611813,20,"S-10-09-02-01"
"nonmatch",-11.4999037846924,20,"S-10-09-02-01"
"nonmatch",-17.3110080270345,20,"S-10-09-02-01"
"nonmatch",-13.0839699586955,20,"S-10-09-02-01"
"nonmatch",-11.626163777254,20,"S-10-09-02-01"
"nonmatch",-13.1291156138305,20,"S-10-09-02-01"
"nonmatch",-10.9209717699856,20,"S-10-09-02-01"
"match",31.3411565491365,20,"S-10-09-02-01"
"nonmatch",-17.7114909583256,20,"S-10-09-02-01"
"nonmatch",-16.7921106239362,20,"S-10-09-02-01"
"nonmatch",-19.486276861241,20,"S-10-09-02-01"
"nonmatch",-16.0056098871225,20,"S-10-09-02-01"
"nonmatch",-15.1609305922016,20,"S-10-09-02-01"
"nonmatch",-16.6818742526431,20,"S-10-09-02-01"
"nonmatch",-15.5142648886618,20,"S-10-09-02-01"
"nonmatch",-14.6773096949552,20,"S-10-09-02-01"
"nonmatch",-14.2673909383961,20,"S-10-09-02-01"
"nonmatch",-16.9773127924557,20,"S-10-09-02-01"
"nonmatch",-12.4284089948863,20,"S-10-09-02-01"
"nonmatch",-13.2744805481012,20,"S-10-09-02-01"
"nonmatch",-15.4426846935899,20,"S-10-09-02-01"
"nonmatch",-16.4905563686118,20,"S-10-09-02-01"
"nonmatch",-16.3171150268866,20,"S-10-09-02-01"
"nonmatch",-13.9625140694389,20,"S-10-09-02-01"
"nonmatch",-14.6541375184496,20,"S-10-09-02-01"
"nonmatch",-13.5613863986561,20,"S-10-09-02-01"
"match",29.6399575372462,20,"S-10-09-02-01"
"nonmatch",-14.3494040383613,20,"S-10-09-02-01"
"nonmatch",-15.5416452044239,20,"S-10-09-02-01"
"nonmatch",-10.7811695532458,20,"S-10-09-02-01"
"nonmatch",-7.05848884896337,20,"S-10-09-02-01"
"nonmatch",-10.7322005542594,20,"S-10-09-02-01"
"nonmatch",-11.9493983116155,20,"S-10-09-02-01"
"nonmatch",-13.2095290383151,20,"S-10-09-02-01"
"nonmatch",-13.691223823389,20,"S-10-09-02-01"
"nonmatch",-11.8017119220995,20,"S-10-09-02-01"
"nonmatch",-11.2159212294082,20,"S-10-09-02-01"
"nonmatch",-12.5085834620023,20,"S-10-09-02-01"
"nonmatch",-16.0370561933918,20,"S-10-09-02-01"
"nonmatch",-10.7546624279734,20,"S-10-09-02-01"
"nonmatch",-13.2445118355871,20,"S-10-09-02-01"
"nonmatch",-11.3519527093562,20,"S-10-09-02-01"
"nonmatch",-13.0102136411177,20,"S-10-09-02-01"
"nonmatch",-15.5941488214852,20,"S-10-09-02-01"
"nonmatch",-13.5601764634679,20,"S-10-09-02-01"
"match",26.9882571919735,20,"S-10-09-02-01"
"nonmatch",-14.0828214199218,20,"S-10-09-02-01"
"nonmatch",-12.4751405894335,20,"S-10-09-02-01"
"nonmatch",-13.0504201822637,20,"S-10-09-02-01"
"nonmatch",-14.3017056901526,20,"S-10-09-02-01"
"nonmatch",-13.7365167746067,20,"S-10-09-02-01"
"nonmatch",-12.8951719805737,20,"S-10-09-02-01"
"nonmatch",-11.3936234382314,20,"S-10-09-02-01"
"nonmatch",-12.5601144655757,20,"S-10-09-02-01"
"nonmatch",-16.4714855502723,20,"S-10-09-02-01"
"nonmatch",-11.0731166782184,20,"S-10-09-02-01"
"nonmatch",-7.78090763937055,20,"S-10-09-02-01"
"nonmatch",-11.3715158216256,20,"S-10-09-02-01"
"nonmatch",-13.8381883844796,20,"S-10-09-02-01"
"nonmatch",-13.7460917962228,20,"S-10-09-02-01"
"nonmatch",-11.365315382393,20,"S-10-09-02-01"
"nonmatch",-13.1707595218258,20,"S-10-09-02-01"
"nonmatch",-8.71545231998092,20,"S-10-09-02-01"
"nonmatch",-12.9826988907784,20,"S-10-09-02-01"
"match",34.4470248458181,20,"S-10-09-02-01"
"nonmatch",-13.8792977196753,20,"S-10-09-02-01"
"nonmatch",-13.3038134536247,20,"S-10-09-02-01"
"nonmatch",-6.2323270244708,20,"S-10-09-02-01"
"nonmatch",-15.4644754230063,20,"S-10-09-02-01"
"nonmatch",-11.4380927191694,20,"S-10-09-02-01"
"nonmatch",-15.1303760307501,20,"S-10-09-02-01"
"nonmatch",-13.4239881568124,20,"S-10-09-02-01"
"nonmatch",-10.8769706950104,20,"S-10-09-02-01"
"nonmatch",-16.6716292095486,20,"S-10-09-02-01"
"nonmatch",-12.4950322104729,20,"S-10-09-02-01"
"nonmatch",-8.25589455095215,20,"S-10-09-02-01"
"nonmatch",-14.5754618352908,20,"S-10-09-02-01"
"nonmatch",-12.4690269679569,20,"S-10-09-02-01"
"nonmatch",-14.3359450592373,20,"S-10-09-02-01"
"nonmatch",-15.8068200232988,20,"S-10-09-02-01"
"nonmatch",-7.98506576500308,20,"S-10-09-02-01"
"nonmatch",-11.6692430972688,20,"S-10-09-02-01"
"nonmatch",-15.81907192036,20,"S-10-09-02-01"
"match",41.3187469834628,20,"S-10-09-02-01"
"nonmatch",-12.7052142146113,20,"S-10-09-02-01"
"nonmatch",-11.565162627376,20,"S-10-09-02-01"
"nonmatch",-10.9658583673835,20,"S-10-09-02-01"
"nonmatch",-12.8764289091592,20,"S-10-09-02-01"
"nonmatch",-13.0556061743445,20,"S-10-09-02-01"
"nonmatch",-18.2553893759835,20,"S-10-09-02-01"
"nonmatch",-13.3760332777917,20,"S-10-09-02-01"
"nonmatch",-14.4667108024222,20,"S-10-09-02-01"
"nonmatch",-12.7285862334295,20,"S-10-09-02-01"
"nonmatch",-11.1374362343033,20,"S-10-09-02-01"
"nonmatch",-10.3353162522933,20,"S-10-09-02-01"
"nonmatch",-15.469331089627,20,"S-10-09-02-01"
"nonmatch",-12.0051217735013,20,"S-10-09-02-01"
"nonmatch",-12.1669045194826,20,"S-10-09-02-01"
"nonmatch",-15.1800503057368,20,"S-10-09-02-01"
"nonmatch",-15.5013525917676,20,"S-10-09-02-01"
"nonmatch",-14.9233180883136,20,"S-10-09-02-01"
"nonmatch",-17.292073784198,20,"S-10-09-02-01"
"match",47.0976298310037,30,"S-10-09-02-01"
"nonmatch",-15.8380060364163,30,"S-10-09-02-01"
"nonmatch",-11.5185945191321,30,"S-10-09-02-01"
"nonmatch",-14.4794550789088,30,"S-10-09-02-01"
"nonmatch",-14.5007218553054,30,"S-10-09-02-01"
"nonmatch",-17.7650610832526,30,"S-10-09-02-01"
"nonmatch",-14.4218032167374,30,"S-10-09-02-01"
"nonmatch",-13.5184151520188,30,"S-10-09-02-01"
"nonmatch",-14.1713584355645,30,"S-10-09-02-01"
"nonmatch",-10.8826569648805,30,"S-10-09-02-01"
"nonmatch",-16.8928196404836,30,"S-10-09-02-01"
"nonmatch",-9.66131669970258,30,"S-10-09-02-01"
"nonmatch",-12.6109772890344,30,"S-10-09-02-01"
"nonmatch",-16.0401783474618,30,"S-10-09-02-01"
"nonmatch",-16.8678011018284,30,"S-10-09-02-01"
"nonmatch",-13.8498054075781,30,"S-10-09-02-01"
"nonmatch",-12.2381303826228,30,"S-10-09-02-01"
"nonmatch",-17.0241323158981,30,"S-10-09-02-01"
"nonmatch",-9.3666341282969,30,"S-10-09-02-01"
"match",47.2929569679188,30,"S-10-09-02-01"
"nonmatch",-15.9390088231824,30,"S-10-09-02-01"
"nonmatch",-16.7521325252672,30,"S-10-09-02-01"
"nonmatch",-12.1388706605171,30,"S-10-09-02-01"
"nonmatch",-15.6702783020748,30,"S-10-09-02-01"
"nonmatch",-15.7791292604589,30,"S-10-09-02-01"
"nonmatch",-17.2127992894004,30,"S-10-09-02-01"
"nonmatch",-15.4976127818104,30,"S-10-09-02-01"
"nonmatch",-12.974071837147,30,"S-10-09-02-01"
"nonmatch",-13.5235378920994,30,"S-10-09-02-01"
"nonmatch",-10.1623333181204,30,"S-10-09-02-01"
"nonmatch",-15.8442174319461,30,"S-10-09-02-01"
"nonmatch",-13.664844282799,30,"S-10-09-02-01"
"nonmatch",-12.7712799670269,30,"S-10-09-02-01"
"nonmatch",-15.9888723493097,30,"S-10-09-02-01"
"nonmatch",-13.934339814194,30,"S-10-09-02-01"
"nonmatch",-16.394060173645,30,"S-10-09-02-01"
"nonmatch",-12.9381526271866,30,"S-10-09-02-01"
"nonmatch",-8.93468223838193,30,"S-10-09-02-01"
"match",32.366241138938,30,"S-10-09-02-01"
"nonmatch",-11.3237520254858,30,"S-10-09-02-01"
"nonmatch",-11.9808519786545,30,"S-10-09-02-01"
"nonmatch",-9.00798300826055,30,"S-10-09-02-01"
"nonmatch",-16.0681185574415,30,"S-10-09-02-01"
"nonmatch",-5.64005602164422,30,"S-10-09-02-01"
"nonmatch",-10.2864254753661,30,"S-10-09-02-01"
"nonmatch",-20.4663102776549,30,"S-10-09-02-01"
"nonmatch",-10.629722758425,30,"S-10-09-02-01"
"nonmatch",-12.9580267493352,30,"S-10-09-02-01"
"nonmatch",-6.01193925621292,30,"S-10-09-02-01"
"nonmatch",-10.3094017710995,30,"S-10-09-02-01"
"nonmatch",-10.1651698361266,30,"S-10-09-02-01"
"nonmatch",-16.0029736171751,30,"S-10-09-02-01"
"nonmatch",-14.9244211828403,30,"S-10-09-02-01"
"nonmatch",-11.7089308628872,30,"S-10-09-02-01"
"nonmatch",-10.9376153132292,30,"S-10-09-02-01"
"nonmatch",-8.36627602589205,30,"S-10-09-02-01"
"nonmatch",-13.7046481376196,30,"S-10-09-02-01"
"match",30.1710203432587,30,"S-10-09-02-01"
"nonmatch",-15.7649489071102,30,"S-10-09-02-01"
"nonmatch",-16.2366520255284,30,"S-10-09-02-01"
"nonmatch",-5.80568369220088,30,"S-10-09-02-01"
"nonmatch",-14.1166861016614,30,"S-10-09-02-01"
"nonmatch",-14.3559453659012,30,"S-10-09-02-01"
"nonmatch",-10.8785777268424,30,"S-10-09-02-01"
"nonmatch",-6.96939805866725,30,"S-10-09-02-01"
"nonmatch",-16.7996965731485,30,"S-10-09-02-01"
"nonmatch",-7.37208616611995,30,"S-10-09-02-01"
"nonmatch",-14.6978915045189,30,"S-10-09-02-01"
"nonmatch",-16.760338665322,30,"S-10-09-02-01"
"nonmatch",-12.2716342269234,30,"S-10-09-02-01"
"nonmatch",-3.9175459548959,30,"S-10-09-02-01"
"nonmatch",-15.310983247868,30,"S-10-09-02-01"
"nonmatch",-12.4417397781137,30,"S-10-09-02-01"
"nonmatch",-8.37835662838323,30,"S-10-09-02-01"
"nonmatch",-15.7902440066544,30,"S-10-09-02-01"
"nonmatch",-10.8544147471248,30,"S-10-09-02-01"
"match",35.7220613031931,30,"S-10-09-02-01"
"nonmatch",-15.3317013282293,30,"S-10-09-02-01"
"nonmatch",-17.0744436439319,30,"S-10-09-02-01"
"nonmatch",-11.5151822634301,30,"S-10-09-02-01"
"nonmatch",-7.19540121520699,30,"S-10-09-02-01"
"nonmatch",-16.6436371733334,30,"S-10-09-02-01"
"nonmatch",-13.3839747496833,30,"S-10-09-02-01"
"nonmatch",-16.6495490216815,30,"S-10-09-02-01"
"nonmatch",-4.36728788707915,30,"S-10-09-02-01"
"nonmatch",-15.7550740784466,30,"S-10-09-02-01"
"nonmatch",-11.547952020572,30,"S-10-09-02-01"
"nonmatch",-14.6393570702377,30,"S-10-09-02-01"
"nonmatch",-12.4897082177643,30,"S-10-09-02-01"
"nonmatch",-11.8192367238068,30,"S-10-09-02-01"
"nonmatch",-17.6333134340623,30,"S-10-09-02-01"
"nonmatch",-13.235279082933,30,"S-10-09-02-01"
"nonmatch",-12.000656725043,30,"S-10-09-02-01"
"nonmatch",-13.5351298619756,30,"S-10-09-02-01"
"nonmatch",-11.3360635693543,30,"S-10-09-02-01"
"match",36.297576510498,30,"S-10-09-02-01"
"nonmatch",-18.0457434024762,30,"S-10-09-02-01"
"nonmatch",-17.3474219079129,30,"S-10-09-02-01"
"nonmatch",-19.930505817569,30,"S-10-09-02-01"
"nonmatch",-16.1883043085591,30,"S-10-09-02-01"
"nonmatch",-15.4312009485054,30,"S-10-09-02-01"
"nonmatch",-16.9893681443025,30,"S-10-09-02-01"
"nonmatch",-16.0335110379532,30,"S-10-09-02-01"
"nonmatch",-15.037692651094,30,"S-10-09-02-01"
"nonmatch",-14.6177504355488,30,"S-10-09-02-01"
"nonmatch",-17.2200324490406,30,"S-10-09-02-01"
"nonmatch",-12.892257193038,30,"S-10-09-02-01"
"nonmatch",-13.5117707297382,30,"S-10-09-02-01"
"nonmatch",-15.6058134680421,30,"S-10-09-02-01"
"nonmatch",-16.8078490895548,30,"S-10-09-02-01"
"nonmatch",-16.6437780784679,30,"S-10-09-02-01"
"nonmatch",-14.2643338177938,30,"S-10-09-02-01"
"nonmatch",-14.9612060935185,30,"S-10-09-02-01"
"nonmatch",-14.0579610401338,30,"S-10-09-02-01"
"match",36.6596317330111,30,"S-10-09-02-01"
"nonmatch",-14.6181924519803,30,"S-10-09-02-01"
"nonmatch",-15.8987434093803,30,"S-10-09-02-01"
"nonmatch",-11.0512814011835,30,"S-10-09-02-01"
"nonmatch",-7.10133280546076,30,"S-10-09-02-01"
"nonmatch",-11.0840492920598,30,"S-10-09-02-01"
"nonmatch",-12.3522638316006,30,"S-10-09-02-01"
"nonmatch",-13.512529806397,30,"S-10-09-02-01"
"nonmatch",-14.1069177509527,30,"S-10-09-02-01"
"nonmatch",-12.062282672727,30,"S-10-09-02-01"
"nonmatch",-11.642338554544,30,"S-10-09-02-01"
"nonmatch",-12.5891124829163,30,"S-10-09-02-01"
"nonmatch",-16.3031051030112,30,"S-10-09-02-01"
"nonmatch",-11.3322513970167,30,"S-10-09-02-01"
"nonmatch",-13.6784353089521,30,"S-10-09-02-01"
"nonmatch",-11.6766054464569,30,"S-10-09-02-01"
"nonmatch",-13.5247547481786,30,"S-10-09-02-01"
"nonmatch",-15.9398917990656,30,"S-10-09-02-01"
"nonmatch",-13.9195926278041,30,"S-10-09-02-01"
"match",32.8726286991147,30,"S-10-09-02-01"
"nonmatch",-14.201884733644,30,"S-10-09-02-01"
"nonmatch",-13.0715489565581,30,"S-10-09-02-01"
"nonmatch",-13.5247475660638,30,"S-10-09-02-01"
"nonmatch",-14.6826285246972,30,"S-10-09-02-01"
"nonmatch",-14.1753925689288,30,"S-10-09-02-01"
"nonmatch",-13.1942785166035,30,"S-10-09-02-01"
"nonmatch",-12.092400483125,30,"S-10-09-02-01"
"nonmatch",-12.6919744531404,30,"S-10-09-02-01"
"nonmatch",-16.6193605628464,30,"S-10-09-02-01"
"nonmatch",-11.4895570439255,30,"S-10-09-02-01"
"nonmatch",-8.46127563860395,30,"S-10-09-02-01"
"nonmatch",-11.7392619374384,30,"S-10-09-02-01"
"nonmatch",-14.177470105586,30,"S-10-09-02-01"
"nonmatch",-14.3269104275033,30,"S-10-09-02-01"
"nonmatch",-11.7364430690384,30,"S-10-09-02-01"
"nonmatch",-13.5254902437957,30,"S-10-09-02-01"
"nonmatch",-8.98484633858996,30,"S-10-09-02-01"
"nonmatch",-13.3125023537311,30,"S-10-09-02-01"
"match",41.9387836095045,30,"S-10-09-02-01"
"nonmatch",-14.1946548793688,30,"S-10-09-02-01"
"nonmatch",-13.6046141551523,30,"S-10-09-02-01"
"nonmatch",-6.51431356212066,30,"S-10-09-02-01"
"nonmatch",-15.5569232899177,30,"S-10-09-02-01"
"nonmatch",-11.8921967156642,30,"S-10-09-02-01"
"nonmatch",-15.2643982092317,30,"S-10-09-02-01"
"nonmatch",-13.8466664959772,30,"S-10-09-02-01"
"nonmatch",-11.1773209598914,30,"S-10-09-02-01"
"nonmatch",-16.9930712613615,30,"S-10-09-02-01"
"nonmatch",-12.8661274593579,30,"S-10-09-02-01"
"nonmatch",-8.68773663511433,30,"S-10-09-02-01"
"nonmatch",-14.8854379302425,30,"S-10-09-02-01"
"nonmatch",-12.7766999386568,30,"S-10-09-02-01"
"nonmatch",-14.6175299673622,30,"S-10-09-02-01"
"nonmatch",-16.166272606423,30,"S-10-09-02-01"
"nonmatch",-8.14871710583347,30,"S-10-09-02-01"
"nonmatch",-12.0627046655211,30,"S-10-09-02-01"
"nonmatch",-15.9103245253814,30,"S-10-09-02-01"
"match",53.3132120890204,30,"S-10-09-02-01"
"nonmatch",-13.2393105993404,30,"S-10-09-02-01"
"nonmatch",-12.2921392009733,30,"S-10-09-02-01"
"nonmatch",-11.3263874543083,30,"S-10-09-02-01"
"nonmatch",-13.4117550453972,30,"S-10-09-02-01"
"nonmatch",-13.4325493069225,30,"S-10-09-02-01"
"nonmatch",-18.7375519844395,30,"S-10-09-02-01"
"nonmatch",-13.909414792377,30,"S-10-09-02-01"
"nonmatch",-14.9260686693909,30,"S-10-09-02-01"
"nonmatch",-13.221136449554,30,"S-10-09-02-01"
"nonmatch",-11.605122783004,30,"S-10-09-02-01"
"nonmatch",-10.8601383851362,30,"S-10-09-02-01"
"nonmatch",-15.8732479422411,30,"S-10-09-02-01"
"nonmatch",-12.4978031564248,30,"S-10-09-02-01"
"nonmatch",-12.6869727435405,30,"S-10-09-02-01"
"nonmatch",-15.8818842365187,30,"S-10-09-02-01"
"nonmatch",-16.0834478129524,30,"S-10-09-02-01"
"nonmatch",-15.3467872088215,30,"S-10-09-02-01"
"nonmatch",-17.4867765428843,30,"S-10-09-02-01"
